company,job_link,job_summary,job_title,location,post_date,salary_range
TmC Planning and Property Development Ltd.,https://uk.indeed.com/pagead/clk?mo=r&ad=-6NYlbfkN0CMJu662KWcDGFOv7L3mtQo3gdqSzkBml2Qc7GuPNqg67wjLpNs36cST7WmMoB_rFAsE4TQtKTsK0IzE5IVHWNmLurDzEXUIz9b-FLzxx_8yFHMWzMBUh-gOMgYLMoZIY-qa_xy7iWDMO-PBECOr23WeAoNwpFqSGMA5Z0Vag_cLQK6lxxBmpN_dVnZdVzWBNauOtj5_CwXng2ngoSZp1xrP12_HrOsTSTIiMNBPy1Mbq6qntOknpknkgxFRILTYf2fI20yO0YkRZHC8Ra02uiq_Q33JuA5GD_iSFvejX8WSIHwlH9VSCUgsSA736fzE7UXzD5M9Wm8WnTmA6L6KhUFK9OtrZctXTb4k9aG0iityqQdwuD18Dzrd2Bt0L86_Ti85qvCXEUdNRHj9OxygSQ6L5b1GPs4qHMDQAzG6of6-LwBP-wbcwQI_r6qnsLFIttCqOW8-Xgo4r-ZKurHDdD8bSA9NWT-qKxyn0w7rjq8UQ==&xkcb=SoDc-_M3cdKZU7xSQp0LbzkdCdPP&p=0&fvj=1&vjs=3,"You will be part of a team of planners., and will aid with research, planning statements etc.",Graduate Town Planning Consultant,Livingston,3 days ago,"£20,500 - £23,000 a year"
Artesia Consulting Limited,https://uk.indeed.com/rc/clk?jk=3606aec40f3781ee&fccid=983a0320ebe2937a&vjs=3,"Working in cross-company multi-disciplinary teams comprising customer insight, product managers, architects, developers, testers, and",Junior Data Engineer,Remote in Gloucestershire,Today,"Up to £26,040 a year"
Mojo,https://uk.indeed.com/pagead/clk?mo=r&ad=-6NYlbfkN0BBzpTrUEEbl2eT-1NJf7U4BOvM9TidAaIbzc_6DMC19GdPEQqU5LaGhNb1EqPBycD7l3x4iSTQ3IQZ1_w84yOQeSsv28-MILrbj9d_auRX578sVlQkXBoxtXV2SE3etLXp1DQzGml-gvv1l3XzHq4LUmg_G0dvrJ1CoQLRImTDCpUvR1fDjRuoRuCzUipacgTD2a5qzWwIgA0BUMlMt9QsyGr4Chh7uudP6NM6B_3_1G7nM4iJmUF6hVuqzkjrWRFxwsop3t5gMFNa-vA_n6UC_O9MiCjHvUc6xzqCkRkthdZmPvj88SNK9utS90f9fCKjTnxD4LMSzU6B6IgfHjX81eJnomT7h6ZFizEs_EF8RC50zf4GTmQeoAKbvQDOBZ0-FLEFwOa2xC9MnIUT8vxsvy_1w-OEwx6c7FVhGO9tJsBgvcReVNAD7xKqOzNhQKG9TsticEs8IaJc2y8niJti&xkcb=SoAt-_M3cdKZTPQd0Z0LbzkdCdPP&p=0&fvj=1&vjs=3,We are looking for,Business Development Executive (Graduate),Manchester,3 days ago,"£23,000 a year"
My Recruitment Career,https://uk.indeed.com/pagead/clk?mo=r&ad=-6NYlbfkN0A9qh1fxxjiQ2Y8cop2XYomuTWKhSITsRvev9V7GEhpkqaHfrDpgQLpFb-yhez3J8JuT3_J_4ob4b6qvPxIUkH4JVf9LYMQckZqQCU7pb8YV_z8gw7tOxq8p6lh9tD33dGPFgPoCfzFHcNJIvMNQCK5egLeSYenqmusJU0tl54iyJohfaF322-dRj8meoN0I2zUMjcqUGf8vUgOzp-V70F2pkzD_6vLYFRMUgLwLJEZjGNw9SIPf-ylaz59mu4GdYdk7VIjmnsCe8AUjmF9u3ni0dsLgTpmwn8h9vNGKlPWhAkpwllkeqglS0qTQw6Np-WrXxuNNkf1SP8dL9v5DRXLhmkYLZ7M6JZgR3iDb6Clbv8KUKVPd2XSVVojaU22hR1yPeGXjbij-WjYOSnSHVj3B3CYipFM7euaT3HSVXHN8ARF9vOBC7ij5-JSR0fH4QLcJyJmzUfgtjdBIrcpXfG_ikwoBhr1maDwD8PElygVLxAvtZyRs2Fp_nkLtBJsxsmbHth2T0Rk4MYomOndbk2kWRnJXeHyvPeoF8FFgIVVha-wA8agUaudpbFpUDBWbxZfZLF-4BbmgnaztAZGeJECMtWAiwBcV8uJB9EXnhloMQBuKzfP907uCqD0u5vr4Blnuw1iBqjzFr1Q1GlvVDfBrW6fDw3CInd0-lP_t3V7RgnIhcMl4W7Xb5wVUznJ1nLAmmHiCFjD3Rp5HI79G84xxjkAQ3OeUQfz4VT1QtOjQFECLxJa7mZo&xkcb=SoDY-_M3cdKZf3gNfj0LbzkdCdPP&p=0&fvj=0&vjs=3,"Within financial services our clients cover industries within banking and capital markets, private equity, insurance, and consumer finance.","Graduate Audit, Leeds",Leeds,30+ days ago,"£22,000 - £60,000 a year"
Heliguy,https://uk.indeed.com/pagead/clk?mo=r&ad=-6NYlbfkN0ADeQntpmtUMXxyoh-Qt_3imdmypB23asUa0gM9HHSZqK7NsF13p6diWG1wBG0TcGaJb-ieTv_CHwy5y3NTo-oVR72pTSqnazLuTEORLLP38f12R-HrZAcWt9TVMsij6A3R6Y0zsEvfcQYuwav7fo4hcLsh3f854Tz4iFlkQ_wE0emDowJkI9I6q4cHosmexq8ul8TV6GCTmm6BoAzHMoRpzFXjNmnTFo9c1VNYwQBP15NeZ0UovvcTRlgMlDJPpZPCBeNfVUkn3wLdOreQIJofhBOTTfN6ji2wUhK1rbYNiQ_oVlAIP-KgcxydnTbovVOjhdgB5NMW9BrLLQXOIpNri7zQ58D69q7XS3ltSkrK0aEWgLBGIgC63xHOnhY4oswPhuxMJ8aFC_r-iSol5ZJ281BqzYdeCNx1ereQ5imzeG9R-m0N-YidFOLeZPDp5MUa6Cfs0qgR5brx1gEI_ukQEo5czXX6wZEDtRL_hpgRzj9Cvx7iHfu87u_j4bgo6VJxbrQkqn4KEEQLUsaY52GGosWKK_r4d-J2RjE3_Mt1QvbILAFL7Jgn943JXZnyG5tj2FhpGqFF5YLtVAiNWZNquDbbeSWcV9E=&xkcb=SoAq-_M3cdKZfw2JbZ0LbzkdCdPP&p=0&fvj=0&vjs=3,Experience with SAP and Excel would be of a distinct advantage for this role.,Supply Chain Planner - Graduate Entry,Prudhoe,30+ days ago,Full-time
Solihull School,https://uk.indeed.com/pagead/clk?mo=r&ad=-6NYlbfkN0DrqGSh15-MgwStAdBykybz-ycweDATqeOCfErLxwKWDGiyntizD-r2g-9Lf7rYEbFOxzYKG5YFUyP_B-4xFz91XZaCJEQnu0S1O3Q-8lY-OjMip3HWCgSV30hyEsyuMEE8RqXw3g-HMbCRGfEsd36FO2kcV2FBlkshYJp9vhYwUmCzzvtda-HKps8qzWi7hEbbTBRYc-3G92ccFVGcrixmP_m7O3V78fEfNWies3c8F2PY0HgklrvjT5ROXN8lsJnTwH4yi1pq8YHQYSosQyfRAK5xD4aLGYia-YXnh4UZN9jgnNMgBe5yj2BFOolB3iQhMuhfYaObsiZ2ZzdhwLUmfnFhw1x8KOjOlIQJYw7W64qbYxERI6xLKbOd6Vo1WiGqDX0dILyJqzmEIFxrxhEGGfzqsLhoOBVeEumae98u44hHqvNjG1DTurRPRkvq5DBM3pxIr_3Np-aWKDiVHjdJBwgm47LaT6gy4NKzNJOmkIplq8SfVu_XZiwXvbRYp-QeCcZRurUNDmmDzEiNLPXuJOGPaL3aiYJX0_-SCqkSwWFGgseRfK04&xkcb=SoAe-_M3cdKZf-wiAp0LbzkdCdPP&p=0&fvj=1&vjs=3,"Looking to continue their form into the new office, g2 Birmingham are looking for entry-level recruitment consultants to expand the specialist team.",Recruitment Consultant - Entry Level Graduate Programme,Birmingham B1,Active 2 days ago,"£19,000 - £45,000 a year"
Global Twenty4,https://uk.indeed.com/pagead/clk?mo=r&ad=-6NYlbfkN0CA88fQEFm6H7kr2bLwILdw6DfDfsOUVNn63MwkaPyDSTK9ru73OOgXmamECp_NfN5hB-D8AvZTkRIwnigW_fIB-3Thn2Q6JyPNZhauQ0v7k4ysPQAjmYgbLAaD8tkYzTrEoEmFsJusbo3uydd6aly0OgOuu77kyCy1-6ov8mN2my2NcnsBhLICvkRsOuWwfu69MH6_A4Nnlqa1zzptLuNuvXeSyTNcgDgPHXtYF6h6biNEhk8JAVjSxFRezj7APV6-xzyP1oJwRFaebwEJ0Yur3pnH9sWE57pb5OYalg-Jch17QW_y5oGslofrOfHqtl4dJ3zT1vFvM6yF2C98AmNsQ60TvamJnGXJTbD6adg8fgaNqBl-jQkdYeRvMzGpVhT1LeoWol4KSwsG2eEc-x_y52FQrROlPxaWqMGIwqw1M6uH8p58YuehzyGE4UchV9KXWnHGFnqAtQLtMxn-KXGhxm6FMb9bJCojQosvEfw3X316hr7no92ijNv0Pbe1orU=&xkcb=SoAk-_M3cdKZfVgNfj0KbzkdCdPP&p=0&fvj=1&vjs=3,Ensure high levels of customer satisfaction through excellent sales and customer service.,Graduate Marketing Assistant,London,1 day ago,"£24,000 - £26,000 a year"
Precision Resource Group,https://uk.indeed.com/pagead/clk?mo=r&ad=-6NYlbfkN0DCc19WU1n5HOLVIY3e_MSUysTEYEvyhq5nw6Qv4vUuTZF-OA5FEIdT7DT8a_2BQkiRYr61uBN11mi9facFSEVw_tRpPHl8rprQE3H0X-xAqfyAKOa43qtqD3IjTngOnt_Gy0vGDkCzScpjqrzd3nWlnoahTy-KtGEsB9ny83BzSVWYlvUmHvn2KzaiE6IrnXfIc8PuGIGIYSMXuFAzoX-j2nhcjzKicwK-PjHJZkUhQGGX3HCHaZBdr8jtQ7wJ1nNNaCI854bHrINMxTCn44Z5fJiC9hF8d2KmCGFeLdqAb-HFCcVWB0UP7xwlvn5q8Ci9J32jcyJBdPzWSJjdNORRrSr0hfAsX_h94uLmQxIwwsWaASaZODuHz_Z11bYBvnpq7IfbBdcQ4CBocjACdSkF96MKoV33rlBwU0D_UMQ_D80OBOI_CwA_4izjHTthBby_ivGjSzqcvnFsR7I7yh_8jHZqRXRxKcDfvBRtzcMXlSPc1nUe6o_Sp4caxdGr151HvXK-rblB0dtwlIlo-VSGwJkt_n_iX5kCvnvkfPioNA==&xkcb=SoBi-_M3cdKZfG2xHB0LbzkdCdPP&p=0&fvj=1&vjs=3,As a,Operations Graduate Programme,Bath,2 days ago,"£26,000 - £28,500 a year"
Where Now Consulting Ltd,https://uk.indeed.com/pagead/clk?mo=r&ad=-6NYlbfkN0D7FDTk9ESfkkGCxcJzdJjQ4h9zcZk8Z6y8zmxkz7FTd6p7R6os1Oy_khRd8zSTHZzbBT-HIw7ImmXKTKgcyXomHheBPbxj331qlIBg3Mo4vgoltJOQn3lU4Aw2ZWn5YGRsQUC_g_yt_A35Iou1Gz8gu2w_sZoJWh08fwVK38h3cdzTVVT1qojGEUAOhHANo4usI1MnES4igZaA-bMf_fvZ2-yrBZ0K3TDXf6yFep4ftg88YAKlNaJoCZyh5G76l1ogS4p3P2lRQijyvuNu3Hi-Cq7ATkHNx8zyHlLJ7o5NFWuK2ba9u895bqRTLiGiyQxnwJM39LeclD7aIVGfoZIoU5sfeyqfQ_a9Pjd36r_jrMscZcplQIGr5RUvH35z4EkmFkeO3pQUqV9kDVh_4yNY8OmJrrCYhhYSGKlivW58j9zQFNufq4R1f-2C1je9VMuk9s8WPRGcjWS7SRnwPjQV3K5zEJeIDVtUTK19hRNdtw==&xkcb=SoDI-_M3cdKYnNWQyJ0LbzkdCdPP&p=0&fvj=1&vjs=3,Cost benefit analysis and costs control.,Graduate Programme,Glasgow,Active 2 days ago,"From £26,000 a year"
Mojo,https://uk.indeed.com/pagead/clk?mo=r&ad=-6NYlbfkN0BBzpTrUEEbl2eT-1NJf7U4BOvM9TidAaIbzc_6DMC19Kry1E9SgBMrUlysNodwdREA5jU6favI1CO6MgpZZba8JNGccsHKM3dpgv62yP2EOvV9TmU_QXfqiUwsWzwuXA_4FV5k8TzTUxlfSVomhDFygxM4hhtCjBwGKqPmavXTzeWKRZSe3NOPEO50vatOZJsJm5onjFvArPocyZkDlzuSzhvA0gTgmUiflNBulqBDcVCmIL2xQhwLSO16yrdHG6SJf4hopWypwqj90iGbldJh8hmJ5UqHvHkyfmQnI0lkNmxHiQS8T7EMiCqrbRf6MSot-2PTxpPxHxIM5en2peTtRw3bevf0B6ogeNk10jgl1VjzFyJUsuteJLQiWaUrex8GCUJU7cz4oNdGTMTWXvA8nraEJq3M-KIhHTk-cgEw198J_vIv_4L6mNSqUYbe3mffNkwFjOYNdEcLOLinrVU5CwTRoXmGluKWxiYN11suHw==&xkcb=SoCA-_M3cdKYsvxgUZ0LbzkdCdPP&p=0&fvj=1&vjs=3,"We are looking for ambitious, motivated and enthusiastic university",Business Graduate Scheme,Manchester,2 days ago,"£22,000 - £24,000 a year"
McGrady Clarke,https://uk.indeed.com/rc/clk?jk=06d058a5078845f0&fccid=0bc887666004e530&vjs=3,Able to work from Newcastle upon Tyne office at least 2-3 days per week (laptop will be given).,Graduate Opportunities,Remote in Newcastle upon Tyne,3 days ago,"£20,500 a year"
proSapient,https://uk.indeed.com/company/Robinhood1/jobs/Graduate-Associate-20cf27e9b3054e45?fccid=9065125d364c7dcf&vjs=3,"You have an interest or background in research, economics, business or financial markets.",Graduate Associate (August 1st Start),Hybrid remote in London WC1X,3 days ago,"From £26,000 a year"
Sure Steps Derby Lane Day Nursery,https://uk.indeed.com/pagead/clk?mo=r&ad=-6NYlbfkN0CC9aKf0JF68GV0FtW1XiZlpvRI8J6f7KVhSLfxLbNGhrFZM1H8Ogj1zVsguGPhJlItum0fMSgKfVcPvwAemMug0DIRQ_88MrLRW2CQW7T7AIutzdkOHvslRqbBxBhUohHhzOTBtjgxvAYyBnYu9bU2lqoQ5UhLFo4HZkYgsaJbyBr4ZXI8WkCuVbDDC8CzZhOt2Yv1pD71VXPxtrwGp6p9O6PSAUWLn5-xVvhfiWSUc6nhrK0h-V3vpJl011x2Zt19ENvDzwhHQzc7HgkNm7d7m8G3gow2w6GupwpJ8rZ1y_9_Xi_DSEyx3WisiORNPVwyLtIP3Di-z0ZCedDY2BuBqsSoztu0M457BL5DcD8Huqv2kNtsFUnfyJbW9jHEwLJiKj4_xAYetciHch9qTj8UsqymXSbkfy9JBwYXZ4MRTkF2VSwOCr-FNZ8j_sZzvgZzugSAl7KK7VQdjMNLfo4cvJBWvGFEZibf4KJ5qi5xBeEiNz9sUc23w58TVSu0F8U=&xkcb=SoBS-_M3cdKYSBxgUZ0LbzkdCdPP&p=0&fvj=1&vjs=3,"Pro Media Liverpool manages the sales and marketing solutions for a huge portfolio of Nationally recognised clients, including those within telecoms, broadband…",Junior Sales and Marketing Trainee,Liverpool L2,Active 1 day ago,"Up to £30,000 a year"
Islington Schools HR Services,https://uk.indeed.com/rc/clk?jk=a09cd4d1e43e2986&fccid=69574e2131f91e3a&vjs=3,If you have the strong,Audience Data Analyst,Boston Spa,7 days ago,"£29,000 a year"
Align Property Partners,https://uk.indeed.com/rc/clk?jk=514131dbfe3b00fb&fccid=960dd873e1354842&vjs=3,Every member of the team at Gleeson contributes to the vision of; Building Homes.,Commercial Graduate,Gateshead NE11,7 days ago,"£24,000 - £28,000 a year"
Intrum AB,https://uk.indeed.com/rc/clk?jk=d333335c5b772172&fccid=5ec7e89341c7fbec&vjs=3,"Contacting customers via the dialler system in order to reach an understanding of the customers’ financial circumstances and where appropriate, setting an…",Customer Service Representative,Remote in Reigate,1 day ago,"£24,000 a year"
Intrum AB,https://uk.indeed.com/rc/clk?jk=d333335c5b772172&fccid=5ec7e89341c7fbec&vjs=3,"Contacting customers via the dialler system in order to reach an understanding of the customers’ financial circumstances and where appropriate, setting an…",Customer Service Representative,Remote in Reigate,1 day ago,"£24,000 a year"
DRA PAT Testing Limited,https://uk.indeed.com/rc/clk?jk=b80c96ea7695aac2&fccid=43cc43f2e0dbc56c&vjs=3,FNZ provides software and consultancy services to the financial services and wealth management industry.,Graduate / Trainee Developer,Newcastle upon Tyne,30+ days ago,"£22,549 a year"
Havas Group,https://uk.indeed.com/rc/clk?jk=f37e65744fdbbf26&fccid=2dd390c3a48a7ed0&vjs=3,Service Line: Tech Digital Lighthouse.,Manager- Data and Analytics,Birmingham,30+ days ago,"£58,000 - £68,000 a year"
27 Talent,https://uk.indeed.com/company/Monarch-Partnership/jobs/Graduate-Trainee-cafce167c9fae95c?fccid=c39a2ee7ae55a319&vjs=3,As a,Graduate Trainee,Wallington SM6,Active 2 days ago,"£20,000 - £22,000 a year"
27 Talent,https://uk.indeed.com/company/Monarch-Partnership/jobs/Graduate-Trainee-cafce167c9fae95c?fccid=c39a2ee7ae55a319&vjs=3,As a,Graduate Trainee,Wallington SM6,Active 2 days ago,"£20,000 - £22,000 a year"
Moffatt and Nichol,https://uk.indeed.com/rc/clk?jk=d26cffd28b4ea451&fccid=a4fddab9a4774361&vjs=3,A Bachelor's degree in,Data Scientist - Infrastructure Engineering - Entry Level,London EC3M,Today,"£22,549 - £24,882 a year"
Tritility Limited,https://uk.indeed.com/rc/clk?jk=1ae357e21db344cb&fccid=848f060296f23fff&vjs=3,This,Graduate UX Researcher,Hybrid remote in Newcastle upon Tyne,24 days ago,"£20,000 - £23,000 a year"
Adams & Moore,https://uk.indeed.com/rc/clk?jk=fe5c9cf33a71a1ce&fccid=7fd19b83953df4b1&vjs=3,We are looking for skilled,Graduate Analyst,Dartford,30+ days ago,"£37,000 a year"
Adams & Moore,https://uk.indeed.com/rc/clk?jk=fe5c9cf33a71a1ce&fccid=7fd19b83953df4b1&vjs=3,We are looking for skilled,Graduate Analyst,Dartford,30+ days ago,"£37,000 a year"
Storm Ideas,https://uk.indeed.com/rc/clk?jk=900d08567cf82984&fccid=fc0eeff012676923&vjs=3,Research the latest,Data Scientist,London,9 days ago,"£22,000 a year"
BMC Recruitment Group,https://uk.indeed.com/company/BMC-Recruitment-Group/jobs/Food-Science-Graduate-7f9cb297c8b2c6ab?fccid=eabdaf6d0e200aa8&vjs=3,Junior Food Science quality role – 12 months fixed term*.,Food Science Graduate,Newcastle upon Tyne,30+ days ago,"£18,000 - £22,000 a year"
develop.,https://uk.indeed.com/rc/clk?jk=a0473698876fb8e0&fccid=18d0aa239188acab&vjs=3,Develop Yourself hour - take an hour a week to learn how to code with our amazing training programme.,Graduate Recruitment Consultant,Hybrid remote in London,3 days ago,"£45,000 a year"
develop.,https://uk.indeed.com/rc/clk?jk=a0473698876fb8e0&fccid=18d0aa239188acab&vjs=3,Develop Yourself hour - take an hour a week to learn how to code with our amazing training programme.,Graduate Recruitment Consultant,Hybrid remote in London,3 days ago,"£45,000 a year"
Link Humans,https://uk.indeed.com/rc/clk?jk=08422a607428e92d&fccid=537b899e30af3338&vjs=3,An interest in,"Trainee Officer, Data Management",Saint Helier JE2,Today,"£24,938 - £26,385 a year"
Celsius Graduate Recruitment,https://uk.indeed.com/rc/clk?jk=e0623c544a11a8d6&fccid=b5859a562bd5d66f&vjs=3,Full support and structures are in place combined with a comprehensive and accredited 12 month training programme developed specifically for graduates.,Graduate Sales Consultant,Durham,30+ days ago,"£35,000 - £40,000 a year"
Knit,https://uk.indeed.com/company/KNIT/jobs/Graduate-Sdr-04d1fad4baad02a4?fccid=e697ce23196b2eac&vjs=3,Competitive salary packages and flexible working.,Graduate SDR / BDR - Coaching + Placement,London,Today,"From £30,000 a year"
Parkwood Hall Co-operative Academy,https://uk.indeed.com/company/Parkwood-Hall-Co--operative-Academy/jobs/Exam-Data-Officer-2808ef01ce795e93?fccid=56e8a9f8f4413310&vjs=3,To manage the administration and processing of all pupil,Exams & Data Officer,Swanley BR8,Today,"£24,301 - £25,753 a year"
Wilton Gilbert Limited,https://uk.indeed.com/company/Wilton-Gilbert-Limited/jobs/Graduate-Recruitment-Consultant-3c69f5aa1b7c864d?fccid=757f5732db1160a7&vjs=3,You'll be commercially astute and have the drive and resilience to be successful in the sector.,Graduate Recruitment Consultant - Renewables,Newcastle upon Tyne NE4,14 days ago,"£20,000 - £22,000 a year"
Hire STEM Women,https://uk.indeed.com/company/EY/jobs/Assurance-Graduate-Programme-838ff82dc3cd1a8b?fccid=1544766d4c2915b0&vjs=3,"Lead Chief Financial Officers in using technology to drive change towards digital finance, sustainable finance, and treasury transformation.",Assurance Graduate Programmes,London,Hiring ongoing,"£20,000 - £30,000 a year"
YPrime,https://uk.indeed.com/rc/clk?jk=69b3f5dab8346342&fccid=ad8e2df6e27bfb16&vjs=3,You’ll maintain a fastidious attention to detail while being aware of any downstream implications of,Data Management Analyst,London,1 day ago,"£20,000 - £40,000 a year"
Knit,https://uk.indeed.com/company/KNIT/jobs/Graduate-Sdr-04d1fad4baad02a4?fccid=e697ce23196b2eac&vjs=3,Competitive salary packages and flexible working.,Graduate SDR / BDR - Coaching + Placement,London,Today,"From £30,000 a year"
Baltic Recruitment Services,https://uk.indeed.com/rc/clk?jk=ba2dc55083899449&fccid=b68233e43806d9c2&vjs=3,Recently industry placement experience or a recent graduate.,NPD Technologist,Gateshead,Today,"£24,000 - £30,000 a year"
LOFT Interiors,https://uk.indeed.com/company/Loft-Interiors/jobs/Business-Development-Executive-1e6772d54878ba55?fccid=176bb96d151e5ec0&vjs=3,"The main focus of this role is to develop relations with, introduce new business from, and maintain continued relationships with private residential…",Business Development Executive - Graduate Opportunity,London W7,Active 3 days ago,"£23,000 - £26,000 a year"
The Rhodes Trust,https://uk.indeed.com/rc/clk?jk=c1f88a94113cccc5&fccid=e15d9e27876d9dc3&vjs=3,No,Data Centre Technician – Returners Programme,Slough,30+ days ago,"£45,000 - £50,000 a year"
Hire STEM Women,https://uk.indeed.com/company/EY/jobs/Assurance-Graduate-Programme-838ff82dc3cd1a8b?fccid=1544766d4c2915b0&vjs=3,"Lead Chief Financial Officers in using technology to drive change towards digital finance, sustainable finance, and treasury transformation.",Assurance Graduate Programmes,London,Hiring ongoing,"£20,000 - £30,000 a year"
BMC Recruitment Group,https://uk.indeed.com/company/BMC-Recruitment-Group/jobs/Graduate-Digital-Marketing-289cea7cc264d8e7?fccid=eabdaf6d0e200aa8&vjs=3,"Creating a strong pipeline of lucrative new business, independently identifying potential new clients, and proactively reaching out to introduce yourself and…",Graduate Digital Marketing,Gateshead,30+ days ago,"£20,000 - £24,000 a year"
Canopy Growth Corporation,https://uk.indeed.com/rc/clk?jk=a1b678e5057b5fec&fccid=fd8cda73a7fe0af3&vjs=3,A competitive,Graduate Production Assistant,Hybrid remote in London W1D,6 days ago,"£30,000 a year"
Northern Care Alliance NHS Foundation Trust,https://uk.indeed.com/rc/clk?jk=b1ad6f7b69bc6bfa&fccid=0a4e6db29e8be4d1&vjs=3,Exploratory,Associate Data Scientist,Crewe CW1,10 days ago,"£43,376 - £50,519 a year"
LOFT Interiors,https://uk.indeed.com/company/Loft-Interiors/jobs/Business-Development-Executive-1e6772d54878ba55?fccid=176bb96d151e5ec0&vjs=3,"The main focus of this role is to develop relations with, introduce new business from, and maintain continued relationships with private residential…",Business Development Executive - Graduate Opportunity,London W7,Active 3 days ago,"£23,000 - £26,000 a year"
Ezoic,https://uk.indeed.com/rc/clk?jk=e5741e8037789406&fccid=d08549dd9ca5f407&vjs=3,"No experience is necessary, as full training will be provided, followed by a paid placement and then long term work supporting students in a local SEND school.",Graduate Trainee Teaching Assistant,Gateshead,7 days ago,£10 - £13 an hour
Binance,https://uk.indeed.com/rc/clk?jk=2c49297e06f2e2d1&fccid=ac2ee5578fa99fc9&vjs=3,Part-time applicants will be considered if they are able to commit at least 3 days per week.,PR Intern,London,30 days ago,"From £50,000 a year"
Skuuudle,https://uk.indeed.com/rc/clk?jk=132c247dd527059c&fccid=13df56734086382c&vjs=3,Previous experience working with large,Data Analyst,Remote in Manchester M2,30+ days ago,"£25,000 - £30,000 a year"
Canopy Growth Corporation,https://uk.indeed.com/rc/clk?jk=a1b678e5057b5fec&fccid=fd8cda73a7fe0af3&vjs=3,A competitive,Graduate Production Assistant,Hybrid remote in London W1D,6 days ago,"£30,000 a year"
Novum Personnel,https://uk.indeed.com/rc/clk?jk=68fd937ef1b58eb9&fccid=a558be8e765d7368&vjs=3,Psychology,Psychology graduate LSA South Tyneside,Newcastle upon Tyne,30+ days ago,"£21,000 a year"
Ameresco,https://uk.indeed.com/rc/clk?jk=5fbfff65af0c0a31&fccid=a1837dda4b6d64d4&vjs=3,"Graduate Engineers will initially join either the Development or Design & Consultancy teams, supported by your development plan and coaching from other staff,…",Graduate Engineer,London,9 days ago,"£23,000 a year"
Binance,https://uk.indeed.com/rc/clk?jk=2c49297e06f2e2d1&fccid=ac2ee5578fa99fc9&vjs=3,Part-time applicants will be considered if they are able to commit at least 3 days per week.,PR Intern,London,30 days ago,"From £50,000 a year"
Mojo,https://uk.indeed.com/company/mojo/jobs/Graduate-Data-Analyst-854732c70943f17f?fccid=c3dd6cb067e6c5b1&vjs=3,Generating reports for analysed,Graduate Data Analyst (Mathematics or similar),Portsmouth,Active 2 days ago,"Up to £25,000 a year"
BVS Vets,https://uk.indeed.com/rc/clk?jk=09aa419bbac25437&fccid=198b7374e1f8a26f&vjs=3,"You’ll often need to explain complex technical information during client meetings and in written reports, so we’re looking for",Personal Tax Assistant School Leaver (ATT/CTA) - Newcastle A...,Newcastle upon Tyne,10 days ago,£70 - £80 a day
cord,https://uk.indeed.com/pagead/clk?mo=r&ad=-6NYlbfkN0DzwreoEVFOkXRcFH1aYDKs9BsTnM4S4dXogYMNQuxRsWEvU3NmJBXmQipkwYVPqOyI1vR7M9foJl_C14vqh_IFAwm6AkHwLk0IUE8BJkgPJu5dO7NPbU3JWmqfuHLLpj5OEl6PjOrL5OhXEGVPY98Cy-Bs0KvIXkyCX-BTZ5CYxs1BxOea3Ci_kgnZPOBG8OsB_OQMPHippgd65H1CK-09iayWQTM6aQw-uf36sJrAMUhE8_UTOtZwM6-k17ZGoNvtZa4gBYdxRP1y2prOF51udCx1AFvcuYicypQZfOEOPuSnMM67nqSdLSnH6jdW6uv7yAz8LFtbi62PaEvtTIygJ8nozzTUlXyMXyeQ01Bc2qm8Wnam3UBskY696gGwTU3QRJiLPxKm5o59qkLKA4LD228UpaimPVExEL-7qAK6oC23AQrnDS_aNXfPxwvSUt89DNnm3uEEYWYeVHNhfaieylZwJrt4HzmE6lDeaef7TuSPk1I3Xq46&xkcb=SoDZ-_M3cdKVkgRSdx0LbzkdCdPP&p=0&fvj=1&vjs=3,"As our new Junior Business Analyst, you will work closely with the Head of Business Management and sales team to enhance core business performance and hit…",Junior Business Analyst,Hybrid remote in London,Active 9 days ago,"£25,000 - £28,000 a year"
Ameresco,https://uk.indeed.com/rc/clk?jk=5fbfff65af0c0a31&fccid=a1837dda4b6d64d4&vjs=3,"Graduate Engineers will initially join either the Development or Design & Consultancy teams, supported by your development plan and coaching from other staff,…",Graduate Engineer,London,9 days ago,"£23,000 a year"
Media Effect,https://uk.indeed.com/company/Media-Effect/jobs/Data-Analyst-95f161fd24d7bdf1?fccid=f85c0a0c54ce0588&vjs=3,Data analyst: 2 years (required).,Data Analyst (Part-time),London W6,2 days ago,"£23,000 - £24,000 a year"
Trusted Reviews Ltd,https://uk.indeed.com/rc/clk?jk=4775f29264f97f7e&fccid=fe8ef253a7528660&vjs=3,28% reduction in carbon emission intensity (tenth year in a row).,Graduate Construction Manager - South,London,30+ days ago,"£28,500 a year"
cord,https://uk.indeed.com/pagead/clk?mo=r&ad=-6NYlbfkN0DzwreoEVFOkXRcFH1aYDKs9BsTnM4S4dXogYMNQuxRsWEvU3NmJBXmQipkwYVPqOyI1vR7M9foJl_C14vqh_IFAwm6AkHwLk0IUE8BJkgPJu5dO7NPbU3JWmqfuHLLpj5OEl6PjOrL5OhXEGVPY98Cy-Bs0KvIXkyCX-BTZ5CYxs1BxOea3Ci_Oo-V6N7GlvOheM1kgcOGythuBdNGbzc6ZrpM5JF_QDugde0xF4UoM_F-eXoYgxYEgRJfqKSvqIQurQn4TFEQtpilNxftREBbmIIxt6GdBadWL6KSB-ReEzOikDOUAVgOiLE_b611OLtcAfMazmR1ZqxZPonP8YhMO9Ngvqnq3sFtfIr3GYwgbCeHk3UdQ4K-gbZSc81GkrwXeRyBfe_a3zTsU1VxHgC7jrUeKTeDTzQz3CToaCQn8BTV2ClflLvI44trughjbvmSGErutZKFZ6VmiJMzqCABrfb7NdTWhgLJu8wZ8JEj_sw_vEHMmF_O&xkcb=SoCj-_M3cdKVHOW9dJ0LbzkdCdPP&p=0&fvj=1&vjs=3,"As our new Junior Business Analyst, you will work closely with the Head of Business Management and sales team to enhance core business performance and hit…",Junior Business Analyst,Hybrid remote in London,Active 9 days ago,"£25,000 - £28,000 a year"
Wave Recruitment,https://uk.indeed.com/rc/clk?jk=9a980ea78bab8678&fccid=057abf3fd357e717&vjs=3,"A bank that knows its customers and clients, champions innovation and thinks digital first, offers trusted money management guidance and support, and provides…",Retail Banking Data & Analytics Analyst - Expert Summer Inte...,London E14,30+ days ago,"£65,000 - £75,000 a year"
Capstone,https://uk.indeed.com/company/CITY-OF-LONDON-POLICE/jobs/Police-Constable-64ad2a901c002dba?fccid=fc5cf85d24ad1b6f&vjs=3,Applications are also invited from candidates who hold a valid Day 1 pass.,Police Constable- Student Officer,London,2 days ago,"From £31,686 a year"
Trusted Reviews Ltd,https://uk.indeed.com/rc/clk?jk=4775f29264f97f7e&fccid=fe8ef253a7528660&vjs=3,28% reduction in carbon emission intensity (tenth year in a row).,Graduate Construction Manager - South,London,30+ days ago,"£28,500 a year"
Oleeo,https://uk.indeed.com/company/WCN/jobs/Tableau-Data-Analytic-Engineer-8a52024bd3c99b77?fccid=742ac0755c33780e&vjs=3,Solving any,Tableau Data Analytics Engineer (Part time - Remote/Hybrid),Coventry CV4,8 days ago,"£20,641 - £29,890 a year"
Lendable,https://uk.indeed.com/rc/clk?jk=2910919824615c7d&fccid=d105d63023c1a0b0&vjs=3,Hours per week: 35 hours per week (Full Time).,Student Records Analyst,Hybrid remote in London,1 day ago,"£26,220 - £36,000 a year"
Capstone,https://uk.indeed.com/company/CITY-OF-LONDON-POLICE/jobs/Police-Constable-64ad2a901c002dba?fccid=fc5cf85d24ad1b6f&vjs=3,Applications are also invited from candidates who hold a valid Day 1 pass.,Police Constable- Student Officer,London,2 days ago,"From £31,686 a year"
MPL Search,https://uk.indeed.com/company/MPL-Search/jobs/Trainee-Graduate-Consultant-Scheme-5acce97dd32739fb?fccid=508141732116db6a&vjs=3,As a,trainee graduate consultant scheme,London,Hiring ongoing,"£28,000 - £50,000 a year"
RELX,https://uk.indeed.com/rc/clk?jk=a71c27b41bb8cdf0&fccid=098f028fec64b983&vjs=3,,Graduate Data Science Programme 2022,Hybrid remote in London,1 day ago,"£17,922 a year"
Lendable,https://uk.indeed.com/rc/clk?jk=2910919824615c7d&fccid=d105d63023c1a0b0&vjs=3,Hours per week: 35 hours per week (Full Time).,Student Records Analyst,Hybrid remote in London,1 day ago,"£26,220 - £36,000 a year"
proSapient,https://uk.indeed.com/company/proSapient/jobs/Graduate-Language-Associate-30d665ff65746f9f?fccid=9d0968b95338e278&vjs=3,"You have an interest or background in research, economics, business or financial markets.",Graduate Language Associate (European Languages) - 2022 Star...,Hybrid remote in London,30+ days ago,"From £31,000 a year"
Dragoonis Technologies,https://uk.indeed.com/rc/clk?jk=53c2464a30eb06df&fccid=64189ab166716f29&vjs=3,"From the equipment that frontline officers require to be able to make decisions on the street, big",Database Administrator,Arnold,30+ days ago,"£38,064 - £41,517 a year"
MPL Search,https://uk.indeed.com/company/MPL-Search/jobs/Trainee-Graduate-Consultant-Scheme-5acce97dd32739fb?fccid=508141732116db6a&vjs=3,As a,trainee graduate consultant scheme,London,Hiring ongoing,"£28,000 - £50,000 a year"
Ark Pioneer Academy,https://uk.indeed.com/rc/clk?jk=1e96713f9a2747aa&fccid=84ec07cf1b9b3331&vjs=3,"The successful candidate will grow with our school: we will develop you, providing one-to-one support, coaching and access to extensive network training.",Graduate Teaching Assistant,London,30+ days ago,"£23,815 a year"
Proservartner,https://uk.indeed.com/company/Proservartner/jobs/Data-Management-Analyst-86c91bcce1acee04?fccid=468484c1cab68d87&vjs=3,The primary objective for this role will be to focus on,Data Management Analyst,Hybrid remote in Manchester,Active 1 day ago,"£30,000 - £50,000 a year"
proSapient,https://uk.indeed.com/company/proSapient/jobs/Graduate-Language-Associate-30d665ff65746f9f?fccid=9d0968b95338e278&vjs=3,"You have an interest or background in research, economics, business or financial markets.",Graduate Language Associate (European Languages) - 2022 Star...,Hybrid remote in London,30+ days ago,"From £31,000 a year"
AKT II,https://uk.indeed.com/rc/clk?jk=968be96f9b2968ba&fccid=fe2d21eef233e94a&vjs=3,"To be considered for this role, you must be fluent in English and Slovak, and a recent",Graduate Recruiter - Slovak Speaking,London,23 days ago,"£24,000 - £28,000 a year"
The Grange Academy,https://uk.indeed.com/rc/clk?jk=f947e1a20d7864a0&fccid=bcaf39653f44d846&vjs=3,Define,Data Management Specialist,Hybrid remote in Southampton,1 day ago,"£45,951 - £51,357 a year"
Ark Pioneer Academy,https://uk.indeed.com/rc/clk?jk=1e96713f9a2747aa&fccid=84ec07cf1b9b3331&vjs=3,"The successful candidate will grow with our school: we will develop you, providing one-to-one support, coaching and access to extensive network training.",Graduate Teaching Assistant,London,30+ days ago,"£23,815 a year"
Pattern,https://uk.indeed.com/rc/clk?jk=164e94370a64ad28&fccid=198b7374e1f8a26f&vjs=3,"You’ll often need to explain complex financial information, so you’ll need excellent written and verbal communication skills.",Audit Assistant Graduate (ACA) - London August 2022,London,21 days ago,"£25,000 - £30,000 a year"
Emtec Ltd,https://uk.indeed.com/rc/clk?jk=966b558c10f7db45&fccid=2b7983d6b65c6b71&vjs=3,Have responsibility for,Data Officer,Remote in Stockport SK1,3 days ago,"£27,000 a year"
AKT II,https://uk.indeed.com/rc/clk?jk=968be96f9b2968ba&fccid=fe2d21eef233e94a&vjs=3,"To be considered for this role, you must be fluent in English and Slovak, and a recent",Graduate Recruiter - Slovak Speaking,London,23 days ago,"£24,000 - £28,000 a year"
Davanti Solutions,https://uk.indeed.com/company/Davanti-Solutions/jobs/Graduate-Marketing-Assistant-8d26a7de374c1b51?fccid=c57d6bd1cacc7187&vjs=3,\*Organise exhibitions/conferences/events including digital marketing.,Graduate Marketing Assistant,Welwyn Garden City,4 days ago,"£27,000 - £30,000 a year"
Intent HQ,https://uk.indeed.com/rc/clk?jk=c65b3b2b77368184&fccid=4cc7e25ce5dad2df&vjs=3,Support,Master Data Manager,Milton Keynes,1 day ago,"£47,380 a year"
Pattern,https://uk.indeed.com/rc/clk?jk=164e94370a64ad28&fccid=198b7374e1f8a26f&vjs=3,"Our team carries out a detailed, risk-based review of a company’s financial records and control environment to form an opinion on whether the financial…",Audit Assistant Graduate (ACA) - London August 2022,London,21 days ago,"£25,000 - £30,000 a year"
27 Talent,https://uk.indeed.com/company/27-Talent/jobs/Graduate-Recruitment-Consultant-Marketing-Sales-3f7133b74fa08eaf?fccid=36e76ed16e2d480f&vjs=3,Every,Graduate Recruitment Consultant – Marketing & Sales (£40k),London WC1R,Active 2 days ago,"£26,000 - £40,000 a year"
Talenting,https://uk.indeed.com/rc/clk?jk=05c59df6f6916547&fccid=73da13d58dc1080c&vjs=3,We work in cross-functional squads where every,"Data Science Manager, Operations",Remote in London,3 days ago,"£35,000 - £50,000 a year"
Davanti Solutions,https://uk.indeed.com/company/Davanti-Solutions/jobs/Graduate-Marketing-Assistant-8d26a7de374c1b51?fccid=c57d6bd1cacc7187&vjs=3,\*Organise exhibitions/conferences/events including digital marketing.,Graduate Marketing Assistant,Welwyn Garden City,4 days ago,"£27,000 - £30,000 a year"
Elkington and Fife,https://uk.indeed.com/rc/clk?jk=5115584468722c76&fccid=46d42ce295ddcb07&vjs=3,Have at least a 2:1 Degree in any subject.,Trainee Patent Attorneys,London,30+ days ago,"From £28,500 a year"
Keystone Property Finance,https://uk.indeed.com/rc/clk?jk=060ae707436e1f9c&fccid=c36c977883c7b1e5&vjs=3,"The Workforce Planning and Intelligence (WPI&I) team exists to enable, promote, and support the effective use of",Data Officer,Sheffield S4,1 day ago,"£25,655 a year"
27 Talent,https://uk.indeed.com/company/27-Talent/jobs/Graduate-Recruitment-Consultant-Marketing-Sales-3f7133b74fa08eaf?fccid=36e76ed16e2d480f&vjs=3,Every,Graduate Recruitment Consultant – Marketing & Sales (£40k),London WC1R,Active 2 days ago,"£26,000 - £40,000 a year"
2Fawcett Recruitment,https://uk.indeed.com/rc/clk?jk=5a40a5c9b987f38e&fccid=bafa4b35e9cd20ce&vjs=3,We will push you to achieve the highest standards and expect our,Graduate Project Manager ( Healthcare Projects),Hybrid remote in London,30 days ago,"£20,000 - £24,000 a year"
Bray Leino,https://uk.indeed.com/company/BRAY-LEINO/jobs/Digital-Data-Analyst-b635fe24c137bd1a?fccid=a2c10f2e0bb0f966&vjs=3,Experience of working as part of a,Digital Data Analyst,Remote in Devon,30+ days ago,"£25,000 - £35,000 a year"
Elkington and Fife,https://uk.indeed.com/rc/clk?jk=5115584468722c76&fccid=46d42ce295ddcb07&vjs=3,Have at least a 2:1 Degree in any subject.,Trainee Patent Attorneys,London,30+ days ago,"From £28,500 a year"
Parker Smith Inclusion,https://uk.indeed.com/company/Parker-Smith-Inclusion/jobs/Psychology-Graduate-8107b303c19e5d8a?fccid=6003e06c38a079e7&vjs=3,"Monday to Friday, 9am – 4pm (32.5 working hours per week).",Psychology Graduate,Peckham,2 days ago,£75 - £88 a day
Boston Hale,https://uk.indeed.com/rc/clk?jk=4d28107f91f6181c&fccid=b968b58ad5fb8d16&vjs=3,Update databases and,Portfolio Data Analyst,London,10 days ago,"Up to £60,000 a year"
Improbable,https://uk.indeed.com/company/IQVIA/jobs/Sales-Representative-44b9f124bfca349f?fccid=6b7a1dfe07e7f037&vjs=3,"Online wellbeing support available 24 hours a day, 7 days a week, 365 days a year.",Sales Representative (Graduate),London,Active 2 days ago,"£12,000 a year"
Kseye Group Ltd,https://uk.indeed.com/rc/clk?jk=8b99d11e764bb016&fccid=1976b8742794eede&vjs=3,"This office of circa 25 people needs a switched on, high energy all-rounder to help them with all manner of things – office management, admin, meeting and…",Office Assistant,London,6 days ago,"£27,000 a year"
EDITED,https://uk.indeed.com/company/EDITED/jobs/Data-Scientist-2db645c66500c1b4?fccid=8c2d103364827a9a&vjs=3,,Data Scientist,London,30+ days ago,"£116,272 - £145,340 a year"
Parker Smith Inclusion,https://uk.indeed.com/company/Parker-Smith-Inclusion/jobs/Psychology-Graduate-8107b303c19e5d8a?fccid=6003e06c38a079e7&vjs=3,"Monday to Friday, 9am – 4pm (32.5 working hours per week).",Psychology Graduate,Peckham,2 days ago,£75 - £88 a day
Clean Cold Power UK Ltd,https://uk.indeed.com/rc/clk?jk=6c93eb48e9f8cc9f&fccid=f1582c464db8553b&vjs=3,"You will join our existing cohort of Engineers, Scientists, Project Managers, Data specialist, Environmentalist, Talent Acquisition & HR, Health Safety and…",Graduate Civil Engineer 2022 (London),London,30+ days ago,"£30,000 - £34,000 a year"
Wowcher,https://uk.indeed.com/rc/clk?jk=962c3f99b34234c9&fccid=7691ebb71b24124c&vjs=3,The post holder will have a general awareness of current,Data Protection Analyst,Bothwell G71,10 days ago,"£26,104 - £32,915 a year"
Kseye Group Ltd,https://uk.indeed.com/rc/clk?jk=8b99d11e764bb016&fccid=1976b8742794eede&vjs=3,"This office of circa 25 people needs a switched on, high energy all-rounder to help them with all manner of things – office management, admin, meeting and…",Office Assistant,London,6 days ago,"£27,000 a year"
Superscript,https://uk.indeed.com/rc/clk?jk=faf4c5c9c283d27a&fccid=638bbc7ea7f27233&vjs=3,"Salary: Salary starting at Grade 6 (£16.81 per hour, inclusive of London Allowance) Contact hours are paid at a multiplier of 2.5 basic hours, with annual leave…",Graduate Teaching Assistant – School of Arts,Camden,7 days ago,£16.81 an hour
kdr Recruitment,https://uk.indeed.com/rc/clk?jk=d6cffaffd7906d4a&fccid=66510c97e3970bde&vjs=3,"Using their own AI-Driven Customer Intelligence Platform, they help their clients build stronger customer experiences and relationships.","Junior Data Scientist | London | £55,000",Hybrid remote in London,20 days ago,"£40,000 - £55,000 a year"
Clean Cold Power UK Ltd,https://uk.indeed.com/rc/clk?jk=6c93eb48e9f8cc9f&fccid=f1582c464db8553b&vjs=3,"You will join our existing cohort of Engineers, Scientists, Project Managers, Data specialist, Environmentalist, Talent Acquisition & HR, Health Safety and…",Graduate Civil Engineer 2022 (London),London,30+ days ago,"£30,000 - £34,000 a year"
Placido Group,https://uk.indeed.com/company/BL-Recruitment/jobs/PR-Graduate-8670847456354e10?fccid=79027a9bc6436e4c&vjs=3,We are recruiting for a PR agency based in London working within the technology sector.,PR Graduate,London,Active 3 days ago,"£24,000 a year"
Superscript,https://uk.indeed.com/rc/clk?jk=faf4c5c9c283d27a&fccid=638bbc7ea7f27233&vjs=3,"Salary: Salary starting at Grade 6 (£16.81 per hour, inclusive of London Allowance) Contact hours are paid at a multiplier of 2.5 basic hours, with annual leave…",Graduate Teaching Assistant – School of Arts,Camden,7 days ago,£16.81 an hour
FXC Intelligence,https://uk.indeed.com/rc/clk?jk=1a3c513e3c9176e6&fccid=057abf3fd357e717&vjs=3,"A bank that knows its customers and clients, champions innovation and thinks digital first, offers trusted money management guidance and support, and provides…",Payments & Platforms Data & Analytics Analyst - Expert Gradu...,London E14,30+ days ago,"£26,447 - £28,780 a year"
Vested,https://uk.indeed.com/rc/clk?jk=4d3e63c1e2e2e167&fccid=25fcc0ef2edd3f05&vjs=3,Want to make your mark in Research and Development?,Pharmacy Graduate Scheme,Slough SL1,30+ days ago,"£25,001 - £35,000 a year"
Placido Group,https://uk.indeed.com/company/BL-Recruitment/jobs/PR-Graduate-8670847456354e10?fccid=79027a9bc6436e4c&vjs=3,We are recruiting for a PR agency based in London working within the technology sector.,PR Graduate,London,Active 3 days ago,"£24,000 a year"
Lucky Innotech Solutions Limited,https://uk.indeed.com/rc/clk?jk=28f0feba0c255b8d&fccid=ee0e27da47075aef&vjs=3,Helping to develop and update,Junior Data Scientist,Hove,30+ days ago,"£28,756 - £34,304 a year"
Celsius Graduate Recruitment,https://uk.indeed.com/rc/clk?jk=e03c561ad3bb023b&fccid=b5859a562bd5d66f&vjs=3,"Graduate Forex Business Development Executive £25K to £27K Base, OTE Year 1 £60k, Year 2 £150k Year 3 upwards of £200k Excellent Benefits including amazing…",Graduate FOREX Business Development Executive,London,30+ days ago,"£150,000 a year"
Vested,https://uk.indeed.com/rc/clk?jk=4d3e63c1e2e2e167&fccid=25fcc0ef2edd3f05&vjs=3,"With complete involvement from the first day, on our scheme you’ll be fully included as part of our team bringing household name products to millions of…",Pharmacy Graduate Scheme,Slough SL1,30+ days ago,"£25,001 - £35,000 a year"
ISL,https://uk.indeed.com/company/learndirect/jobs/Group-Financial-Planning-Analysis-Data-Analyst-9df6ee6cde8406a1?fccid=3b5aa9fa955be7f1&vjs=3,Experience in handling and analysing large volumes of,Group Financial Planning and Analysis & Data Analyst,Bournemouth BH1,Active 2 days ago,"£35,000 - £50,000 a year"
IN2 Design Partnership Ltd,https://uk.indeed.com/company/Arriva/jobs/Graduate-Transport-Operation-Manager-55a5a52312485e96?fccid=a022eb6826538a93&vjs=3,Quarterly reviews with a dedicated Arriva Team Member to ensure your,Graduate Transport Operations Manager - Regional,Finsbury Park,Active 15 days ago,"From £25,000 a year"
MMGY Global LLC,https://uk.indeed.com/rc/clk?jk=86be5f4f676abf00&fccid=4a9bb59ede5bc447&vjs=3,We are looking for a,UK - PR Account Executive,London SE1,30+ days ago,"£25,000 - £35,000 a year"
BU-UK Infrastructure,https://uk.indeed.com/company/Power-on-Connections/jobs/Data-Analyst-91912781fc0f4db9?fccid=0aca8f6d4e8ba424&vjs=3,"Develop dashboard style management reporting, enabling stakeholders to view",Data Analyst,Temporarily Remote in Woolpit,Active 4 days ago,"From £27,319 a year"
Together Creative,https://uk.indeed.com/company/Together-Creative/jobs/Studio-Operation-Assistant-6728f1a8165ab84d?fccid=67a26c8f99df3404&vjs=3,This role is full time in the office.,Studio Operations Assistant,London SW4,Active 2 days ago,"£20,000 - £22,000 a year"
IN2 Design Partnership Ltd,https://uk.indeed.com/rc/clk?jk=3e221c337caca084&fccid=57438535c8d8d07a&vjs=3,A 5 week technical training course worth £12k but at no cost to you and delivered remotely.,PMO Graduate Scheme,London,22 days ago,"£27,000 a year"
"Macquarie Energy, Resources and Sustainability",https://uk.indeed.com/rc/clk?jk=30cfb8ee9c603f49&fccid=8b9fb66bfe630048&vjs=3,Confident in giving presentations and explaining,Data Scientist,Hybrid remote in Preston PR2,30+ days ago,"£21,000 - £23,000 a year"
Merit Tutors/Exam Centre London,https://uk.indeed.com/company/Merit-Tutors/jobs/Online-Spanish-Tutor-9efe21678bbde046?fccid=f4cd7e2edc178803&vjs=3,For current,Online Spanish Tutor,Remote in London,Active 11 days ago,"£12,000 a year"
Together Creative,https://uk.indeed.com/rc/clk?jk=ada799d7fa2399ac&fccid=d665162c38ac81bc&vjs=3,,Graduate Trainee in Research Communications,Remote in Twickenham,13 days ago,"£20,000 - £22,000 a year"
Applied Market Information Ltd,https://uk.indeed.com/company/Applied-Market-Information-Ltd/jobs/Data-Research-Administrator-c9aa9d6d71a4cd20?fccid=2d8f7524c0b76f4d&vjs=3,Work on briefs to build,Data Research Administrator,Bristol BS2,1 day ago,"£18,500 a year"
Merit Tutors/Exam Centre London,https://uk.indeed.com/company/Merit-Tutors/jobs/Online-Spanish-Tutor-9efe21678bbde046?fccid=f4cd7e2edc178803&vjs=3,For current,Online Spanish Tutor,Remote in London,Active 11 days ago,"£12,000 a year"
Zync. Group,https://uk.indeed.com/rc/clk?jk=aecb66299c1c1385&fccid=1d6acce86770faa4&vjs=3,"1-3 years of Business Analysis experience, ideally in a similar data-related role.",Business Analyst - Data,Leeds,30+ days ago,"£18,000 - £22,000 a year"
SaltPay,https://uk.indeed.com/rc/clk?jk=0cc3f11d4b548c65&fccid=38c0d5e4f2a99768&vjs=3,We're looking for,Graduate Blast Engineer,London,3 days ago,"£25,000 a year"
TVS Supply Chain Solutions,https://uk.indeed.com/rc/clk?jk=3b134cc9a0ee28dd&fccid=374d720d3973ca1c&vjs=3,Strong experience in establishing and running,Data Governance Manager,London,6 days ago,"£13,055 - £17,032 a year"
Quinnox Consultancy Services,https://uk.indeed.com/company/Quinnox-Consultancy-Services-Limited/jobs/IT-Fresher-6cdac20e4c062557?fccid=1474eff2fe926b1d&vjs=3,Computer Science Degree or equivalent.,IT Fresher - Software Trainee,London,Active 2 days ago,"£23,000 - £25,000 a year"
SaltPay,https://uk.indeed.com/rc/clk?jk=0cc3f11d4b548c65&fccid=38c0d5e4f2a99768&vjs=3,We're looking for,Graduate Blast Engineer,London,3 days ago,"£25,000 a year"
Datatecnics Corporation,https://uk.indeed.com/rc/clk?jk=38cdf6682a5c8c74&fccid=431c8986bde76285&vjs=3,Delivers domain,KEU Data Governance Analyst,Salford M50,1 day ago,"£55,000 - £65,000 a year"
Wesley Gryk Solicitors LLP,https://uk.indeed.com/company/Wesley-Gryk-Solicitors-LLP/jobs/Paralegal-67574b8d8613c376?fccid=2d4f59e5b78e5684&vjs=3,"The successful candidate will have excellent communication skills, attention to detail, and the ability to effectively prioritise and manage deadlines.",Paralegal,London SE1,Active 2 days ago,"£23,257 - £26,350 a year"
Quinnox Consultancy Services,https://uk.indeed.com/company/Quinnox-Consultancy-Services-Limited/jobs/IT-Fresher-6cdac20e4c062557?fccid=1474eff2fe926b1d&vjs=3,Computer Science Degree or equivalent.,IT Fresher - Software Trainee,London,Active 2 days ago,"£23,000 - £25,000 a year"
Kaleidoscope Consultants Ltd,https://uk.indeed.com/company/Kaleidoscope-Consultants-Ltd/jobs/Experienced-Consultant-43237c663f59f523?fccid=b9c522ccbbdacd22&vjs=3,Establishing linked research,Experienced Consultant: expert in data protection in health,Temporarily Remote in London,Today,"£40,000 - £70,000 a year"
Zodiac Recruitment,https://uk.indeed.com/rc/clk?jk=5182a85312b960d3&fccid=fcce311099a3a228&vjs=3,We are currently recruiting for a September 2022 start date in our London and Glasgow offices.,Tax Graduate Programme,London,30+ days ago,"£22,000 - £24,000 a year"
Wesley Gryk Solicitors LLP,https://uk.indeed.com/company/Wesley-Gryk-Solicitors-LLP/jobs/Paralegal-67574b8d8613c376?fccid=2d4f59e5b78e5684&vjs=3,"The successful candidate will have excellent communication skills, attention to detail, and the ability to effectively prioritise and manage deadlines.",Paralegal,London SE1,Active 2 days ago,"£23,257 - £26,350 a year"
Matillion,https://uk.indeed.com/rc/clk?jk=82f9b65d258a82e5&fccid=97566ba3c4d8abca&vjs=3,Identify potential new,Lead Data Scientist,London,30 days ago,"£64,000 a year"
Inside Out Purchasing & Supply,https://uk.indeed.com/rc/clk?jk=7d9f3c2cbc07f44b&fccid=9fc0bcd5c6db2f12&vjs=3,This role would ideally suit a recent,Graduate Buyer,London,3 days ago,"Up to £26,000 a year"
MPL Search,https://uk.indeed.com/company/MPL-Search/jobs/Graduate-Recruitment-Consultant-Scheme-6735d274d49e4447?fccid=508141732116db6a&vjs=3,"With a base salary of £28,000 and OTE in the first year of between £45,000 - £50,000, as a",Graduate Recruitment Consultant Scheme,London,Hiring ongoing,"£28,000 - £50,000 a year"
Albert Kennedy Trust,https://uk.indeed.com/rc/clk?jk=344bdee79e9496ee&fccid=89a1a7b0050ae6e6&vjs=3,Working with,Head of Student Data and Returns,South Kensington,30+ days ago,"£49,482 - £59,582 a year"
Mediaplanet,https://uk.indeed.com/rc/clk?jk=cbac1b995d6c4b04&fccid=fd8cda73a7fe0af3&vjs=3,Flexible work from home/office work split.,Junior Research Executive,Remote in London SW1Y,7 days ago,"£25,000 - £30,000 a year"
Inside Out Purchasing & Supply,https://uk.indeed.com/rc/clk?jk=7d9f3c2cbc07f44b&fccid=9fc0bcd5c6db2f12&vjs=3,This role would ideally suit a recent,Graduate Buyer,London,3 days ago,"Up to £26,000 a year"
Graduate Programme Wales,https://uk.indeed.com/company/Fire-Glass-UK/jobs/Data-Analyst-4cff24298f680335?fccid=c1c6c060ddf27cfb&vjs=3,Analyse and interpret multiple,Data Analyst,Oldbury,Active 3 days ago,"£20,500 a year"
Curation Corporation Limited,https://uk.indeed.com/company/Curation-Corporation-Limited/jobs/Energy-Specialist-b6627e489dc3bb4b?fccid=35fbb7c4ab7e34e4&vjs=3,We are also open to applications from recent,Energy Specialist,Hybrid remote in London EC2A,30+ days ago,"£25,000 - £30,000 a year"
Mediaplanet,https://uk.indeed.com/rc/clk?jk=cbac1b995d6c4b04&fccid=fd8cda73a7fe0af3&vjs=3,Flexible work from home/office work split.,Junior Research Executive,Remote in London SW1Y,7 days ago,"£25,000 - £30,000 a year"
Quacquarelli Symonds,https://uk.indeed.com/rc/clk?jk=1a3bf100d0eb679d&fccid=d621f9a5603cfedd&vjs=3,,Data & Test Analyst,Esher,3 days ago,"£116,272 - £145,340 a year"
RWC,https://uk.indeed.com/rc/clk?jk=a6af851e696e091c&fccid=d72eb0548d91249c&vjs=3,22k Base salary plus commission (35-40 OTE).,Graduate Recruitment Consultant - June/July Start Dates,London,2 days ago,"£22,000 - £40,000 a year"
Curation Corporation Limited,https://uk.indeed.com/company/Curation-Corporation-Limited/jobs/Energy-Specialist-b6627e489dc3bb4b?fccid=35fbb7c4ab7e34e4&vjs=3,We are also open to applications from recent,Energy Specialist,Hybrid remote in London EC2A,30+ days ago,"£25,000 - £30,000 a year"
Keylime Consultants,https://uk.indeed.com/rc/clk?jk=10fa3f787fb484d0&fccid=130f6ee263a47ae6&vjs=3,As a Workday,Workday Data & Reporting Senior Analyst,London,1 day ago,"Up to £80,000 a year"
Progressis,https://uk.indeed.com/rc/clk?jk=5bf2ac57e804db91&fccid=1976b8742794eede&vjs=3,""" Minimum of 1-2 years of experience in a similar role or a Marketing",Marketing Assistant,London,6 days ago,"£25,000 - £28,000 a year"
Hayden Nash Consultants Ltd,https://uk.indeed.com/pagead/clk?mo=r&ad=-6NYlbfkN0BQG1AC3h_ac1S-gGeMhfcRnCXpJr-fyCpErna8fzHOKzNRlx0njIb8slriQekexVZ8ItmJJXpPlQNMUFqBGDaXhIQbOUETo9OgacELH0vujbBkKqvm0ciMA4xIT4oK0FLXGFaw7obfczisIfv-7VjZksGHQd6v-ts2sFPPrHFxhLQGn67kcUH2L-OQOhhRWgPxKtLYzWxBZ305ITGEzQh7rZoiN6mQ6pkYuIN5gadABFoS1D-ubH3lZUkWkfaQgT7JjbDWW9pMQv0PM42GnSVFprac7l9UxlivhnxNETad2sUStofOcsM7oWbiHLXDlp6B7d8vIfehYhgentetaqYZT9CNXPMVM4QDsaVmUA9mDII33K7Wtf1qVqn4088hU2Ms80qy4iPcu7SiMQ6f1q8_vGh3FBxwa0y-Iw15kenOfgM3NrqFpkoQpEjedsZCd4OJzXyNHDL5UgbYAzTPXFWTp-r8SVKsobv5Obk-s5Jw7xj9KdsUslALGHP3J50a3jx3f4qNDjjgok8R6Ct-7lSPjV43kfw-EnVFyOBi1b5wlYOBLnXN9Ldx8U8BDDvTQ6Ub0OSd7BzYLNXD3BqW1NoJQM4JlBwRiPE=&xkcb=SoDe-_M3cdKtEsw8BR0LbzkdCdPP&p=0&fvj=1&vjs=3,"Hours: 21 hours per week – Mondays required, other days to be confirmed (additional hours may be possible)*.",Library Graduate Trainee - RHS London,London,1 day ago,"£12,000 a year"
Uniting People,https://uk.indeed.com/rc/clk?jk=a1205e72967f59f1&fccid=b81282b879961548&vjs=3,Review and authorise any system changes that may affect,Records and Data Manager,Bracknell,15 days ago,£600 - £625 a day
Costello Medical,https://uk.indeed.com/company/Costello-Medical-Consulting-Limited/jobs/Graphic-Design-Internship-47cafbf852751e60?fccid=787c670843a5aa79&vjs=3,This position is ideal for Graphic Design students or recent,Graphic Design Internship,Remote in London,30+ days ago,"£21,800 a year"
Progressis,https://uk.indeed.com/rc/clk?jk=5bf2ac57e804db91&fccid=1976b8742794eede&vjs=3,""" Minimum of 1-2 years of experience in a similar role or a Marketing",Marketing Assistant,London,6 days ago,"£25,000 - £28,000 a year"
Denfield,https://uk.indeed.com/company/Denfield/jobs/Data-Marketing-Analyst-728978e91fb1b730?fccid=a46837a6530d625a&vjs=3,Use,Data Marketing Analyst,Leamington Spa CV32,Active 4 days ago,"£26,000 - £30,000 a year"
ECM Selection,https://uk.indeed.com/rc/clk?jk=c68aa214bdd8d881&fccid=d8589ac02ce8d5f2&vjs=3,"To thrive in this role, you will need an exceptional educational background with a minimum of a 2.1 degree from a leading university in Electronics or a closely…",Graduate Electronics Engineer,West London,30+ days ago,"£40,000 a year"
Costello Medical,https://uk.indeed.com/company/Costello-Medical-Consulting-Limited/jobs/Graphic-Design-Internship-47cafbf852751e60?fccid=787c670843a5aa79&vjs=3,,Graphic Design Internship,Remote in London,30+ days ago,"£21,800 a year"
Aubay UK,https://uk.indeed.com/rc/clk?jk=ac756823691281d9&fccid=2ab0f7ec57cbbbfc&vjs=3,"Solid understanding of computer science fundamentals, including",Data Scientist,Hybrid remote in London W2,30+ days ago,"£45,900 - £57,300 a year"
HDR,https://uk.indeed.com/rc/clk?jk=d83fd1fc96ebf47c&fccid=c3725c584175877c&vjs=3,Assist senior engineers and the winder team in the design process in order to gain a detailed working knowledge of all parts of the industry.,Electrical Graduate Engineer,London,30+ days ago,"£28,840 a year"
Trace Recruit Ltd,https://uk.indeed.com/company/THORP-PRECAST-LIMITED/jobs/Graduate-Assistant-Construction-Site-Manager-fc5aa01368ff53de?fccid=5eec1d53b1cce6bc&vjs=3,Remuneration: * Competitive rates of pay available subject to candidates experience and skill set.,Graduate Assistant Construction Site Manager,London,Active 2 days ago,"£26,000 - £28,000 a year"
The Intrapreneurs Club,https://uk.indeed.com/company/The-Intrapreneurs-Club/jobs/Data-Engineer-fd8d8ce9225c2152?fccid=c458747b6e8038a2&vjs=3,Be part of a,Data Engineer,Northampton,1 day ago,"£85,000 a year"
J Browne Construction Co Ltd,https://uk.indeed.com/company/J-Browne-Construction-Co-Ltd/jobs/Graduate-Platform-Developer-226dbd53f12db506?fccid=8ae5dc29bb521b6f&vjs=3,"You will be in a business-critical role, responsible for developing and maintaining digital products, and rolling them out to users.",Graduate Platform Developer,Hybrid remote in Enfield,Active 3 days ago,"Up to £33,000 a year"
HDR,https://uk.indeed.com/rc/clk?jk=d83fd1fc96ebf47c&fccid=c3725c584175877c&vjs=3,Assist senior engineers and the winder team in the design process in order to gain a detailed working knowledge of all parts of the industry.,Electrical Graduate Engineer,London,30+ days ago,"£28,840 a year"
Ambition Recruitment,https://uk.indeed.com/rc/clk?jk=8360cf5f369d7412&fccid=40bdb3ff12c06472&vjs=3,Ability to manage large quantities of,Content Data Coordinator,Hybrid remote in London W12,8 days ago,"£34,404 - £42,057 a year"
Houst,https://uk.indeed.com/company/Houst-Ltd/jobs/Graduate-1012b62301a0bd11?fccid=90032c5873ea975f&vjs=3,The Account Manager's primary function is to optimise host revenue through proactive and effective management of property portfolio.,Graduate - Account Manager,London,9 days ago,"£22,000 - £24,000 a year"
chapmanbdsp,https://uk.indeed.com/rc/clk?jk=f12a391b0cb1dc95&fccid=dd8eeced66ff43fc&vjs=3,Assisting with the preparation of outline design schemes.,Graduate Electrical Engineer,London,6 days ago,"£22,000 - £24,000 a year"
Projecting Success,https://uk.indeed.com/rc/clk?jk=f6481c4d744e00cb&fccid=069a96b26806555a&vjs=3,A record of outstanding contribution to,Data Scientist (Game / Concept Testing),Remote in Leamington Spa,29 days ago,"£23,211 - £25,790 a year"
Antonia Saunders Recruitment,https://uk.indeed.com/company/Antonia-Saunders-Recruitment/jobs/Part-Time-Legal-Finance-Assistant-cd0ebe2d32a24416?fccid=28a8fb213e71623e&vjs=3,"Working Mondays, Tuesdays and Thursdays 9-4 (21 hours/week) on a project lasting 6-12 months.","Part-time Legal/Finance Assistant, recent Graduate, 6-12 mon...",West London,10 days ago,£20 an hour
Houst,https://uk.indeed.com/company/Houst-Ltd/jobs/Graduate-1012b62301a0bd11?fccid=90032c5873ea975f&vjs=3,The Account Manager's primary function is to optimise host revenue through proactive and effective management of property portfolio.,Graduate - Account Manager,London,9 days ago,"£22,000 - £24,000 a year"
Arden and GEM Commissioning Support Unit,https://uk.indeed.com/pagead/clk?mo=r&ad=-6NYlbfkN0C55KLveR0UXcHaR5tzq5wcItw1c52r_lOgwhYpDlobLeutvDZA54enRQdjap-a_n2-tYxr2IIiBoVC4u3MOXhHuc_Nt8P5B-vzUTuBH8jeZydIFyuIASLQuvmp0KVtAiqtq4JYEofax1-qSOttdpcSeBLdJ3cyAzwICfLBQgcNUg81_Sl3Ty93PKePPaIJkS781dpto7UY-L7VCAigAZv0F4QNgbeh1ODa7IxqvoY7L9UFdwFP50_8mYWU-aulqCGxJ_jQtAr__cbRbLcujI2H1R5kDKkzKofpSs25iHoMfBAA0lXtvmXIBXZXUWPx74d1tHKvdkE-3tSiXG6kuY67joXQCXmBN7rV-X2yxFEVoJTc8IGt5cvpCAGYn56V_cYzvEnf-yfjNd9JFlRdd4FhhYFwdq1G7kjP_FcqOwQ8XeWfc0G6i87mwW3BqJqPfLLTA03xRlbdtpyoUQQlt2mdH8M8NtVxi58=&xkcb=SoB4-_M3cdKrUhR1Bp0LbzkdCdPP&p=0&fvj=1&vjs=3,Mining and extracting,Claims Data Analyst,Guildford,Active 6 days ago,"£47,126 - £53,219 a year"
Taylor James Resourcing,https://uk.indeed.com/company/Future-Science-Group/jobs/Commissioning-Editor-Graduate-Editorial-Position-1a11d21bff3e269e?fccid=129d5f2f842ff84a&vjs=3,Full training programme for,Commissioning Editor – Graduate editorial position,London N3,Active 3 days ago,"From £24,000 a year"
Antonia Saunders Recruitment,https://uk.indeed.com/company/Antonia-Saunders-Recruitment/jobs/Part-Time-Legal-Finance-Assistant-cd0ebe2d32a24416?fccid=28a8fb213e71623e&vjs=3,"Working Mondays, Tuesdays and Thursdays 9-4 (21 hours/week) on a project lasting 6-12 months.","Part-time Legal/Finance Assistant, recent Graduate, 6-12 mon...",West London,10 days ago,£20 an hour
Thorntons Law,https://uk.indeed.com/company/Thorntons-Law-LLP/jobs/Data-Protection-Administrator-2b951ddc5116b7e1?fccid=84818882aba04777&vjs=3,Acknowledge and record,Data Protection Administrator - Flexible on Location,Hybrid remote in Edinburgh,22 days ago,"£22,522 - £24,378 a year"
Oho Group,https://uk.indeed.com/rc/clk?jk=40f03459369d2e57&fccid=ab643851684611c4&vjs=3,,Graduate Software Developer,Remote in London,16 days ago,"£32,000 - £35,000 a year"
Taylor James Resourcing,https://uk.indeed.com/company/Future-Science-Group/jobs/Commissioning-Editor-Graduate-Editorial-Position-1a11d21bff3e269e?fccid=129d5f2f842ff84a&vjs=3,Full training programme for,Commissioning Editor – Graduate editorial position,London N3,Active 3 days ago,"From £24,000 a year"
"King Edward's School, Birmingham",https://uk.indeed.com/rc/clk?jk=787c327efe7e62b1&fccid=db7bfde59866bc6a&vjs=3,Support the internal review of,Data Protection & Governance Manager,Hastings TN34,Active 3 days ago,"£50,000 - £55,000 a year"
MPL Search,https://uk.indeed.com/rc/clk?jk=bd3be365d5206eea&fccid=e2945bc1329fb7d8&vjs=3,"Corporate Strategy, Environmental Management and Due Diligence.",EHS Consultant (Graduate or Consultant),Hybrid remote in London,30+ days ago,"£22,815 a year"
Fitch Group,https://uk.indeed.com/rc/clk?jk=c623fa98179c9b53&fccid=d73294b71d7f0354&vjs=3,We are looking for,Graduate Research Executive (Quantitative) - Market Understa...,London,30+ days ago,"£25,000 a year"
Convera,https://uk.indeed.com/rc/clk?jk=a6ee1cd818b574bb&fccid=105ecfd0283f415f&vjs=3,Populate spreadsheets with captured data.,HR Data Administrator,Highland,20 days ago,"£70,000 - £100,000 a year"
Novus Search Limited,https://uk.indeed.com/company/Novus-Search-Limited/jobs/Graduate-Trainee-Recruitment-Consultant-01a4ec8df5b314d1?fccid=8496ed73858a4641&vjs=3,"*Monthly incentives* including cash bonuses, meals at London’s finest restaurants, Rolex watches and a lot more!",Graduate and Trainee Recruitment Consultants,London,Active 10 days ago,"£22,000 - £40,000 a year"
MPL Search,https://uk.indeed.com/rc/clk?jk=bd3be365d5206eea&fccid=e2945bc1329fb7d8&vjs=3,"Corporate Strategy, Environmental Management and Due Diligence.",EHS Consultant (Graduate or Consultant),Hybrid remote in London,30+ days ago,"£22,815 a year"
N Consulting Ltd,https://uk.indeed.com/pagead/clk?mo=r&ad=-6NYlbfkN0C55KLveR0UXcHaR5tzq5wcItw1c52r_lOgwhYpDlobLeutvDZA54enRQdjap-a_n2-tYxr2IIiBoVC4u3MOXhHuc_Nt8P5B-vzUTuBH8jeZydIFyuIASLQuvmp0KVtAiqtq4JYEofax1-qSOttdpcSeBLdJ3cyAzwICfLBQgcNUg81_Sl3Ty93EbbHqIpNSMBVYCVezMHHXb5xzXBmjKkdTPYgMPWN1sIdCAgCr76U8JTPnR6kI30TFKjhwWj1NJNDAqNAKobpEMUiQIpnFJrweiCRzJ7dDtykbMYRfzMbd7Ehi6OaQACzGHK01keq1wGxQL3PuULowAhVoN_sj3b_jxZg-XHIi8arEvNSG3nHBg_bBw9ff-96L_wi0WP6EkTvta0aTNNwcCodNovuqGou7RYDQDphupeAQt78KCjbttYCdZLjIbwP0uXQRGa45SOVa08mQZDlAiGmG42Ss7h8AfAPiH2ds_4=&xkcb=SoAL-_M3cdKqQMWxHB0LbzkdCdPP&p=0&fvj=1&vjs=3,Mining and extracting,Claims Data Analyst,Guildford,Active 6 days ago,£400 a day
Coombe Boys' School,https://uk.indeed.com/company/Coombe-Boys'-School/jobs/Teaching-Assistant-3b9a3728797a52ac?fccid=9ec51692b8ee4367&vjs=3,A guaranteed CPD plan which is tailored to individual requirements including financial support for ‘M’ level study.,Teaching Assistant,New Malden,Active 23 days ago,"£16,546 - £17,178 a year"
MW Appointments,https://uk.indeed.com/rc/clk?jk=9892616b2fc7b237&fccid=8bd12ca7d6584f31&vjs=3,Helping recent,Graduate 22 Applications,London,30+ days ago,"£25,000 a year"
Korr,https://uk.indeed.com/rc/clk?jk=c34057a32bd8b08f&fccid=cfa92cec45f97150&vjs=3,Solid ability to bring variant and disparate,Data & Reporting Manager,London,3 days ago,£11.08 - £17.04 an hour
Coombe Boys' School,https://uk.indeed.com/company/Coombe-Boys'-School/jobs/Teaching-Assistant-3b9a3728797a52ac?fccid=9ec51692b8ee4367&vjs=3,A guaranteed CPD plan which is tailored to individual requirements including financial support for ‘M’ level study.,Teaching Assistant,New Malden,Active 23 days ago,"£16,546 - £17,178 a year"
Seldon,https://uk.indeed.com/rc/clk?jk=568be68f34025fa9&fccid=b32e128131065cdf&vjs=3,Build capability across all stages of the software development lifecycle.,Graduate Software Engineer,Hybrid remote in London,30+ days ago,"From £25,000 a year"
EposNow.com,https://uk.indeed.com/rc/clk?jk=b08ecdbf6336ee49&fccid=057abf3fd357e717&vjs=3,Experience as a,Cybercrime Data Scientist,Remote in Knutsford WA16,30+ days ago,"Up to £21,000 a year"
Seldon,https://uk.indeed.com/rc/clk?jk=568be68f34025fa9&fccid=b32e128131065cdf&vjs=3,Build capability across all stages of the software development lifecycle.,Graduate Software Engineer,Hybrid remote in London,30+ days ago,"From £25,000 a year"
Everstream Analytics,https://uk.indeed.com/rc/clk?jk=d143e90b657976b2&fccid=fd8cda73a7fe0af3&vjs=3,They’re now looking for a,Office Assistant,London EC1V,8 days ago,"£22,000 - £24,000 a year"
Ayasdi,https://uk.indeed.com/rc/clk?jk=01c94bba40d6cf7a&fccid=1a58d1f68a45eff2&vjs=3,In order to ensure compliance with various privacy and,Data Protection Compliance Intern,London,30+ days ago,"£45,996 - £54,142 a year"
Everstream Analytics,https://uk.indeed.com/rc/clk?jk=d143e90b657976b2&fccid=fd8cda73a7fe0af3&vjs=3,They’re now looking for a,Office Assistant,London EC1V,8 days ago,"£22,000 - £24,000 a year"
BUCO,https://uk.indeed.com/rc/clk?jk=59adea1668351b2b&fccid=e2e368c266bcc5a2&vjs=3,Excellent communication and Interpersonal skills.,Learnership - East London,East London,21 days ago,"£19,000 - £25,000 a year"
Boston Hale,https://uk.indeed.com/rc/clk?jk=53361b66d645e215&fccid=a5d17cca9c240c43&vjs=3,Developing and maintaining,Data Engineer,Manchester,17 days ago,"£32,000 - £44,000 a year"
BUCO,https://uk.indeed.com/rc/clk?jk=59adea1668351b2b&fccid=e2e368c266bcc5a2&vjs=3,Excellent communication and Interpersonal skills.,Learnership - East London,East London,21 days ago,"£19,000 - £25,000 a year"
Taylor James Resourcing,https://uk.indeed.com/rc/clk?jk=9439aa51bddb2b69&fccid=596c5b500470ff18&vjs=3,"Ideally you will have approximately 1 to 2 years post graduation experience, ideally within a client facing role with a technical focus with a RegTech, FinTech,…",Graduate Compliance Associate,London,30+ days ago,"£35,000 - £45,000 a year"
Fdo Consulting Limited,https://uk.indeed.com/company/Legal-&-General/jobs/Client-Data-Documentation-Executive-20316113843f8afa?fccid=5734e3d63c31a5ac&vjs=3,"Proactively managing, maintaining, verifying and validating client",Client Data and Documentation Executive,Hove BN3,Active 3 days ago,"£25,000 - £33,000 a year"
Taylor James Resourcing,https://uk.indeed.com/rc/clk?jk=9439aa51bddb2b69&fccid=596c5b500470ff18&vjs=3,"Ideally you will have approximately 1 to 2 years post graduation experience, ideally within a client facing role with a technical focus with a RegTech, FinTech,…",Graduate Compliance Associate,London,30+ days ago,"£35,000 - £45,000 a year"
TVF Media,https://uk.indeed.com/rc/clk?jk=b99246c3a28d4ad8&fccid=77cec2f25f9bd7ed&vjs=3,,Graduate Academy Program UK - Sales roles (m/f),Windsor,30+ days ago,"£23,000 - £26,000 a year"
Actaris Site Services Ltd,https://uk.indeed.com/company/Actaris-Site-Services-Ltd/jobs/Data-Analyst-2d7b74e4087c3f42?fccid=fe80954245e37e64&vjs=3,Familiarity with other relational databases (e.g. MS Access)Knowledge of,Data Analyst,Remote in London,3 days ago,"£55,000 - £65,000 a year"
TVF Media,https://uk.indeed.com/rc/clk?jk=b99246c3a28d4ad8&fccid=77cec2f25f9bd7ed&vjs=3,Graduated within the past 3 years or plan to,Graduate Academy Program UK - Sales roles (m/f),Windsor,30+ days ago,"£23,000 - £26,000 a year"
Black Sun Plc,https://uk.indeed.com/company/Black-Sun-Plc/jobs/Account-Executive-a685f4ed0c03c03d?fccid=a63d07db60de8e0d&vjs=3,Work closely with your team leader to learn how to effectively manage project budgets by implementing all of Black Sun’s quality assurance and financial…,Account Executive - Entry Level,Hybrid remote in London SW6,3 days ago,"£25,000 - £30,000 a year"
The Oakland Group,https://uk.indeed.com/rc/clk?jk=7cd4810b76cbce0a&fccid=b29545c1d183062e&vjs=3,Analyse customer,Insight Analyst,Coventry,Today,"£36,382 - £40,927 a year"
Black Sun Plc,https://uk.indeed.com/company/Black-Sun-Plc/jobs/Account-Executive-a685f4ed0c03c03d?fccid=a63d07db60de8e0d&vjs=3,Work closely with your team leader to learn how to effectively manage project budgets by implementing all of Black Sun’s quality assurance and financial…,Account Executive - Entry Level,Hybrid remote in London SW6,3 days ago,"£25,000 - £30,000 a year"
Yipiyap Limited,https://uk.indeed.com/pagead/clk?mo=r&ad=-6NYlbfkN0CLY8th5N8BJXJIde8XGTc3H6aSq9WLk4EOkn1UbCozO_3GNPN9fTfKAgRjXs6m7FdKxDhqjZSmbXA25nMphqA_-8pCqjTFvBfJvRfLpYqhkrXiQX839ZPROyfRy2nYTHoNZM_sTuVHLmjexn4VTkIR9194tI8LEEaGe2b51f3RO39nR2Bo_mCH4JZLPhvTKQI6kimN7GVeDRbuPqPrF-SF1A_xWfk5PAKMGVu7IKLN0dtqyZiP6lCd3P9JwAZ23DKeeNCXHFh846e09Er9dcSpqovdk9BdKPiV99EYx1wFE5HFY-8WYEGGNUAKx0i51Dhkc1ys6fV9KecEeYVI7OC0ttEnTKlBy5EXHDtM3Y9Pb1kPhf1rgZcaND_7jUJpNgLHEjrTaEh-ued6UxCZVumrM4kIoJ7IzE4At0exmC4K01ISBvmPmt3R2Jj6kOR-dCZJyT6gOtSOsI7SuyX8bpmIBEvYRpHyAuH_KCMr2IERFg-7svYhSfPOkV5XNmHeMH3R6zQOglGXwsH2Cv065jCaPtTU3G6LlLZsvLQHfGvUt03rOTy-8yWwhTsBrW8r0l-nQAvSXi6o8exdcEk2tLkmhAOjuSQotehzLsoHcl2E3a97-4RDmGqhGm4JFg1U_wB4RkNtAN-sKgQ8A5xAmd5PMnTBH4X6_eaR4LWmT6HFZg==&xkcb=SoBh-_M3cdKodRxSdx0LbzkdCdPP&p=0&fvj=1&vjs=3,"There are part time, full time and long term roles with the potential to become permanent for the right candidate.",Teaching Assistant (London),London,Hiring ongoing,£80 - £100 a day
777 Partners,https://uk.indeed.com/rc/clk?jk=4ecf6695061ae896&fccid=2601738ce700a552&vjs=3,You will help OPSS deliver the,Data Scientist,Remote in Birmingham,4 days ago,"£36,735 - £41,100 a year"
Yipiyap Limited,https://uk.indeed.com/pagead/clk?mo=r&ad=-6NYlbfkN0CLY8th5N8BJXJIde8XGTc3H6aSq9WLk4EOkn1UbCozO_3GNPN9fTfKAgRjXs6m7FdKxDhqjZSmbXA25nMphqA_-8pCqjTFvBfJvRfLpYqhkrXiQX839ZPROyfRy2nYTHoNZM_sTuVHLmjexn4VTkIR9194tI8LEEaGe2b51f3RO39nR2Bo_mCH4JZLPhvTKQIhTZ64YKcmAnpSg4QCiMrneU1iJkbo_FLx2SLy-DWGD6Xpa0PgCttrAUdA83REh8pQyVdLnYmeR2mVXwt-oas4FMhj-phIV28VYqHZXPCG64PPFjIXoDy4GtSaECpuAZkMlLJesRrgXCpi5evcoUhUjq_yQ_HjGGh7WxSyZVICS_e9SyRM7cXoniM0D4nLvQOpdZstcALuviP0ymRGTRhsicg73KqR3L-7RNmzP6HjgrCruQP_bW_SVqlRMhIeD4o24WPZw5TJaQyAhy3JdrFQ2Q9Izai4Xn5GNIvNWlxnwSGPR6VG2XsiQCTyeDjCguMdEWLAk206tU3aYtr2jamgma-PQ4dGq84agpJXvqmQeauYDwXlhXF9HZiC5zTHF3VTKD2Fks6NKFPZY3qITVDoNzFHZNyyuTq1G6VE-tuxbXs1HvzYFQ8VYM8ENN-6ybZlVrY5jp0T7s7WdY8cpoXp5FVV4CFncShqB8hLqy7vaw==&xkcb=SoCC-_M3cdKoELgwoL0LbzkdCdPP&p=0&fvj=1&vjs=3,"There are part time, full time and long term roles with the potential to become permanent for the right candidate.",Teaching Assistant (London),London,Hiring ongoing,£80 - £100 a day
Opogo,https://uk.indeed.com/pagead/clk?mo=r&ad=-6NYlbfkN0B5OHOiY5GwUydo_pGYkEj4ErmMmhZKg_fcjxaE34VfpCVG3QCWj0q7IdXLl1cYLMB2zfBkXZZlJKJy87RRZFU7cMDwqpGGo4_sq5I073WMhebBfJQq6x0Xxh08Lde2Em5LvyduHMBhSDrBqbpzr2A3sERHqZmcthd1rmA-uESBmSnAa7S0sjJ8_gc2qLSNL2K46txNLqkQ_dDQMArsiqs-k13s0BdlZ2qF2iE2NN85QZvzXeNrgpoOPvG1-w7EU5EdrWQGu83wbqR9XU4KlLUhbYn-RxkQ9QK73gpt_v1vBJ4rXwXMvKBHynhSgNW0X-GJDF0VYzS7Dt93mTWR3S5H93q6eWe9POsna-uba2FmoYztt1my0IaIUXnI0y9onHgNFp4KVqY9xP9pk2Hy-3dedSSN9JwT2IiglhxYOLvrYZbhNai6aI0zVjEDqYGak6Awm8RBe7WvygDkUSwVSTtJkyNBIwDmLIkgBTDDjaIJ6DGUQSP9qDhb&xkcb=SoAv-_M3cdKoKexTiJ0LbzkdCdPP&p=0&fvj=0&vjs=3,"A Maths, English and Science",Graduate Teaching Assistant,London NW6,1 day ago,£80 - £100 a day
mmi Analytics,https://uk.indeed.com/rc/clk?jk=040948bcaeadccc3&fccid=65ebcf709ace4f0b&vjs=3,Departmental,Data Manager & Exams Officer,Sheffield,15 days ago,"£29,174 - £32,798 a year"
Opogo,https://uk.indeed.com/pagead/clk?mo=r&ad=-6NYlbfkN0B5OHOiY5GwUydo_pGYkEj4ErmMmhZKg_fcjxaE34VfpCVG3QCWj0q7IdXLl1cYLMB2zfBkXZZlJKJy87RRZFU7cMDwqpGGo4_sq5I073WMhebBfJQq6x0Xxh08Lde2Em5LvyduHMBhSDrBqbpzr2A3sERHqZmcthd1rmA-uESBmSnAa7S0sjJ8_gc2qLSNL2K46txNLqkQ_TpOpBJ3gO6xPR-PTeoAI1AvNIA8hrjOCvP0yINDBRTfwEH9nsn_Rp-lPqKXF0ubaCd7eB2Zlp7KK73CVKgq8OdaOAYz6NwfGqaPl8oj4NJHq3w8e9XznmRm8QV9C_C2KFPqYk3Mk7-dHlratC6LoBIl6VBFC6ZpgLhL96hT-Ju9VXLpPQvfw3glDn4Sf-LBnLav5E6cPUigEAI3gvo8A8VBCJskEM2D3OOs8LezwbUqZoGHJov-tyfcTmgRu1yagvGA8r2T6GEfJMYakpKxhH6-4EQnyGfDRUkC588ndTYj&xkcb=SoBH-_M3cdKnxZRSZZ0LbzkdCdPP&p=0&fvj=0&vjs=3,"A Maths, English and Science",Graduate Teaching Assistant,London NW6,1 day ago,£80 - £100 a day
New Formation Education,https://uk.indeed.com/pagead/clk?mo=r&ad=-6NYlbfkN0Am7IYmBr5tHA6UdqmPFXcd0k9qnir8dPxXjn48dmOVQdyUP5eaZlnsULugiectsdSU9tIMTFMc636pK_WSeKp0nVjZVz6UfKB4vzVXt0JTIpI9etR3nD88hXfcDD48n1o7Q0R6rFpJOMRU0N6Hy1HsYyRbKA0aSMUOReS_huvVUF0v3qO_z8A3tDSKLXk-MhWyXkPfiwjPfH-_lMsZOGDl-5BmV6i0IMbFfXnNuWzMWKRS2nX1CRmqqxoNcgEKWRwh3tteXNm-ZQd9VZJMfxC0zQDn8c-k34cCLmLznP2nKKyElHgtZZbiJUsjFaQCYFDTDeTeuIIhlUQvmheZiTR05OktlafFMEzIVOTU3LID7ivsL51WfmTAIFogOwy_VsSRBITzs-917Gi6prsMJn4aVjvnMdO-N62WAIts_J9HhNAK3zeFND0QSVweoFduWDsgfhvA8TGT_Wze4zDyron_ovF8y_cegfgkUrBX-Pna4eqRW6G6Pv9tKc5-sUSlT6mN0BQMyLgLjG7TSnUVEmLqipuLF3hwaomGEsPW6ayr1ewU_xBQXPqK6yAqO7f0n7BK0jpFx0OOZoHDsl7s1qJXFiiDs__ldCoxg9v2nqJ5cJ1y6i3HxFv7Y6f_9f_SY-byon9LfBe94G2TErITXeQdtGKzqZ5HwoNiod99xHJ9ZxVwshZA0MjPETUA7XXUmoNrIyZ15gq0zw==&xkcb=SoA8-_M3cdKn5xWxAB0LbzkdCdPP&p=0&fvj=0&vjs=3,They offer intelligent and high-value advice on business and media challenges.,Graduate Data Analyst,Hybrid remote in London W1W,14 days ago,"£24,000 - £25,000 a year"
Stark,https://uk.indeed.com/rc/clk?jk=2c0767dc7db3e381&fccid=0dea010d15861f20&vjs=3,Validate the quality of utility data.,Data Collector and Analyst,Horley,16 days ago,From £9.50 an hour
New Formation Education,https://uk.indeed.com/pagead/clk?mo=r&ad=-6NYlbfkN0Am7IYmBr5tHA6UdqmPFXcd0k9qnir8dPxXjn48dmOVQdyUP5eaZlnsULugiectsdSU9tIMTFMc636pK_WSeKp0nVjZVz6UfKB4vzVXt0JTIpI9etR3nD88hXfcDD48n1o7Q0R6rFpJOMRU0N6Hy1HsYyRbKA0aSMUOReS_huvVUN13fksbfS74q_TsBLme6NB4HkwiqGXkn9BhWHWp2yQxyaIWUlw22_YZPKvdtnHlROcM-82fQRuG1rKKtHd8szn-Sq5Q_ux0FzrN9FGd6L_68bgiMe1_hoGT4rZbahS1G3TOLKl212O_2ivOme-IGVszGEHj_BBdK2ab1FKzNdK4XiYO8M6Ctq-vmi5VgrffWh7lpWn6eeMgpLIokxODMtoUtx5S4BmUWAqh2mhLPuLFwfLBggoMQX3G3TSnbZkNUEpYS0R73ocIfjEV2VUqiT3fymdakoAXbnPJ4qacoJpXL4UtbmgyUVR8Z5G212qEnKhy4u-KPOF7Ds2BcmSqZLvnNPQXhjuPH_-0nEE7z7FcQ3Jq7LWN9fKFyMwBpC_zooO-8yVtJTF0nFNclRz60GkOy4asR1P_eekOWkK9-j6wpZUrcKSa3wALCCPzzx-AxIIvi-Oyva5WOijzcfYp9RzNzONHlr4J1GrI5ESFA-xJSP6wo-fBVX5aA5y0mnt9VO2rBqBDFZdPVk5fk8pXBAewjHjnH6RmUg==&xkcb=SoBc-_M3cdKnug2xBB0LbzkdCdPP&p=0&fvj=0&vjs=3,They offer intelligent and high-value advice on business and media challenges.,Graduate Data Analyst,Hybrid remote in London W1W,14 days ago,"£24,000 - £25,000 a year"
MPL Search,https://uk.indeed.com/pagead/clk?mo=r&ad=-6NYlbfkN0B4I0z8Vg4C22bXJk453pUE2nnLCUOyY_R-ihB16RDW6zDZi5ZbsiVLh5c40X2A79LZwzHvo2BlZCKqgmj1b-4TWoQehiMatt-ixAIZ3N5P9aKFssdNYFiBCpG03JiVOt3XZApKYvaTwvNtdYNole6cUlfIYmLtr6gsqXEbyw6sC5nLpk1kPMAjpnz4ZjNzJ3CIcZRuwxC1BB4AtluZgz6seEEhQgoA64sScm2KWUMWuOOnP6b5gxXf5Hfvib9dfUuzMeVjRHvWPl69vK5oIYrzfHAnfGP2Ks8rpJUb-XPSvu786SRGc3XNqDDELlTEEsnuTeaGmFZAtfNfFwC0vx6BbBHqGmezwjRnf_ITAGdUzMcGoIY697o4I0rr6RbrzAZzrdRvsEEg9PiZ_emRN7L-CBdYGKm5Rx8DWNJh9N1slmIxWHL_pnuc-acvAqWqc4EMpdg8ovLFV92JBK6YYkuMDZVuR-ZO86S1_7TvmY4R3qrtpCKDC-B7iD_ooq38N0X5H3zqj3x4LUmt98AP1p8C6DsZTYJsyoJsMxSHcW-4mtSM7YSJdl9pWFy4hxTnCApSTZzYvjI1BDNPAGln-7FDdkmmEpRdkpuh9PrD4iD3-tyG3W9b2P1U-jlBCyEbzoI3tH4yEOK9p3SXinOPHStG0UxmcD4vqLd068CCHzvHeMjmw0SMJxJrZkKg3W8cDn7EoPLjlULux-rQxj_jj4BiOdmAPItoBJVADU-hV96Ua7df6O0amty4ykqYgs8KVl2lrEoR-91-PA==&xkcb=SoAp-_M3cdKntEANfj0JbzkdCdPP&p=0&fvj=0&vjs=3,"Delivering health economics solutions for clients, including developing and working with a huge variety of industry-relevant models.",Graduate Health Modelling Consultant - January 2023,London,30+ days ago,"£30,000 - £32,000 a year"
Duffel,https://uk.indeed.com/pagead/clk?mo=r&ad=-6NYlbfkN0Bapg62EQnm2OGEJpPAc5SWgkwXboG6euVZ53jdOZkH2a3iShYl87bxrCzqTbrzgd-Yke4rGM-aqcy-EVY3D0KF6Dt3wn2TZHN5oIjpfiNlNAZoZySEJ5d0IcyYt9Y5i9EPaNzDDLCBxvjMPOKnE7xiSH1TAW8ka3aXf42QbeMsSTPs6Hrp4LaO9KljP3lInhRnmSfhY8V37zlNupN2uaQq0OQoI1lyT2dRufqsdob43_hCiMNfS9mADTo4_JnXrNgtPuVR2s-2cCxTr8v7x7rnNsaa6a7qyAyZdomaXUVQYN6FsV4WF58sPPB9IcwI3MGPmDhUanKfS-6Q7A7GMnT-VX9XC0Mv2AtUUDtx7RHv_Oze-4bpxbMIVRQaI8pPFMBavdnadW3kwxjRirV5lEl2BM5j_45I0_km13RestHu4jT7-d2hvCTWulMUCzpp8zpX-HAbQpufax28dDXlLqxEsb0UVowE5PGErw3ETrZaFrUYe3f7B9qFJLaUZubDA-RTZcN0Ip34pAmP2Ks8vEccW-hA0BzFk9NnspVoxXSLko1LzkG9FL7zPfFsk1JsYnlXyDHlkFCOIWqOnYqdcpXZvenFwxIUNluQis4cijUZ2GUQQ1uzv2xj202C9VpyM4A=&xkcb=SoAM-_M3cdKnUCWxNZ0LbzkdCdPP&p=0&fvj=1&vjs=3,"We’ll get you producing proof of concept prototypes, and interpreting",Mobile Network Analyst - Apprenticeship,Bristol,Active 3 days ago,"£17,922 a year"
MPL Search,https://uk.indeed.com/pagead/clk?mo=r&ad=-6NYlbfkN0B4I0z8Vg4C22bXJk453pUE2nnLCUOyY_R-ihB16RDW6zDZi5ZbsiVLh5c40X2A79LZwzHvo2BlZCKqgmj1b-4TWoQehiMatt-ixAIZ3N5P9aKFssdNYFiBCpG03JiVOt3XZApKYvaTwvNtdYNole6cUlfIYmLtr6g5wjcEfPBVmCq7EvgyD-lzXGT6L2tvj7mAuS60j_PB-CjB0OKp1lc5veGmek6fOvrKhUtDhCU4U14pKgI7Hjm8HeVURR78iD40p9HGbqKc-mHmJz-2BnhvKCpQ4B1Edg0GbrwmccErxca1KEL3CgU4znenygMjtADfWlkg2Wn9vVAI0SI4IiFNNGjv-CrRUk31YYKBc8axjS-iLR7DCKLbDWXIiDSFfJ5riUeL8zpevosF7pAbBBgkMX4Dodt80vr-cJitUrpmikYKSIACIvjRj7EVZI_FkLgBONcAw1h3eNlqbRyNqGszVQwsgJ_nx-M3u4tVDf1pX89vUQ7xPAiXkbekJpclhS5lCgkReNR-TbGgiYq5Qj-iE_TKJQQgzsXCNvfR_Ycmg7GJrLcvm876fyPiCa7ZoBdszn2_JsD2nBurvWTUKzH_7C__xNwe0srQZvsJuqDmpdM7mQynwKNzcm2IEP0pNYuE1IymejqLwf8Nj87MXOXOHMLFJjxbp7r3zmu7YPBDM1tF4ZzCNx0QW8QRm36jzkRAtiy1BESFYDUVLfk-0nHWn27lvZ_xRTXXsNOixDpU9ZKELLqtS47pgqeVIGOnGATGgZ6QPdV9-g==&xkcb=SoC5-_M3cdKnRW2xEx0LbzkdCdPP&p=0&fvj=0&vjs=3,"Delivering health economics solutions for clients, including developing and working with a huge variety of industry-relevant models.",Graduate Health Modelling Consultant - January 2023,London,30+ days ago,"£30,000 - £32,000 a year"
EdEx,https://uk.indeed.com/pagead/clk?mo=r&ad=-6NYlbfkN0Al-gxgLqYb2keXE2NThIV7cnMxHfN5_gfWen61neLzU2WzxLzGsUNwn13viUoeEBrnzMn5CTgCDzFlX11qk4ayXC_n4ikHVvA60IA1-xd5jLy8-Af4NSVanK52mngCfOMW_umItngqtXKpk5stQF8klWCsKc9x9FVKs8uG2rougxtzi5xqqbM4P6Rini6oxYM_AuurBCinXs8JU9jTmYVNAmiqhXl7LftP-TpvVG77IgNq7pwDclXRGJCaIQlRf_cbJMxfx-wj4BpB7H_IQ0IBZ0n4Z_7C9yDoNt0Sss4jZWLZ30Evq7l-YX-Lkhhk2RogSOHjxca2Agt-XGeG0eSn-sacQqauMyophc-S9rZ60IwkVGJu9p5O-muSS7QBS9VlNglV-eInPmMj4naSgJPUoztFCrp12MwHwU0uFIT2qOh6JfxPp1XSJfP9rpbkpr7ywSqFhfT4pa0KXaVvV2ybFWNd3KZUsYt58qZ9Ce3ZW5XLDTb7JL_Cu-NHwRbe33V9Ow9RlvEPTqMoM8vPV28ekhNSK8WyCQHOlqaA-aGHVGYidOdf0US-8YoT8q4xJ-lPUsh3Zeygwf_EXbRzB5cKJFPFYY0IYV49IOw_wlv8pyFxR7mfM72TXPMRT0K4EI6G_Of42XnL1dlky7N0byAYY1mq8cL4OebbNQgKPFsgw73VCqYh4dh1BMqm38C53nrSh5YcRqIYhvj0Lz4hEXm5Hye4kLHMhew=&xkcb=SoDq-_M3cdKndzAwoL0LbzkdCdPP&p=0&fvj=0&vjs=3,"Ideally, you will be a hard working and academically talented Science",Science Graduate Teaching Assistant,London,Just posted,£75 - £100 a day
LHH Recruitment Solutions,https://uk.indeed.com/pagead/clk?mo=r&ad=-6NYlbfkN0A_GD1K3dzeu7WcKnsm6RLSD1_QV-mkIht0EvhowBp1RB3nB2zK51B7Vjdo850qtD3hLHKuaAZ96SqKkaECMxBsNQf5FHPTCbRYgg_NO5zS2QwN6mS4Wkz3bdPjp2LbCOMhkItXore82LHmDuC50W335bOYi00zPSUOg2H10BI_AKM6pXUePDfWWaJp7XemlKcDY1VGIqHy4rou03VJ3jyPNXRce1FizvO8VYpgBMl9crX1VDD0RJiUlDaDHuh_tE9PmLfS-ED3XSbbiTZaSxHo8-GDknpQs9GEhJJXSYw6LIPjeHKZKgdXqchtJ-X0LBQjU4XKzVMEXhgdYW_S6LEmIv00mLxNmZzVp2-EVgz1CyNF_21zJBPoHGve2g0NzX-4YjKBsjeugjzOSbGMRMjhwEC-EhDFRJduWAm0PrM6KaQELFfBforQ6ozJ04_pmdYd7gUi3sPJ6xRmXK9soHLAydhHN0dO_h9tfhnL1y5gP7A2f39NyoU-Q7rjyQTh-wU7_5qeV45PQDQZ4lEK7pTabHq-IQ5Juawt_OzfcdP3yAN8V6Mskw4X6Io3JgDsIdiaI3WRxSJ6fV4ngl7rzmli2n0svZTk7Mb_aHJrSn-sQJCbSH9coWEm8zYy2-y_CHGsFM8-eHKUvdmXmG1SBY4QOpP18FHfh7ttJduB71coQBw3KA3sp5pInSWGQS-QIlhOf5_SrPVqAHWwshslAtfkg51aYrKT_4gyXC0-gU6SOTYqpCgEXal4ulwIvoAAdeAGII7IdaUg59lGTKgVEMpjUPDubKZ1ulyHdL3_hZgCOIwNUswbJ2cRYvDwgKPyINDztC3LVeDaUw87y22S3XaKA2xplU_DqEU=&xkcb=SoCc-_M3cdKnFpxSUx0LbzkdCdPP&p=0&fvj=0&vjs=3,"Within this fast-paced industry, the ideal candidate must have experience dealing with",Data Protection Specialist,Hybrid remote in London,16 days ago,£11.50 an hour
EdEx,https://uk.indeed.com/pagead/clk?mo=r&ad=-6NYlbfkN0Al-gxgLqYb2keXE2NThIV7cnMxHfN5_gfWen61neLzU2WzxLzGsUNwn13viUoeEBrnzMn5CTgCDzFlX11qk4ayXC_n4ikHVvA60IA1-xd5jLy8-Af4NSVanK52mngCfOMW_umItngqtXKpk5stQF8klWCsKc9x9FVKs8uG2rougxtzi5xqqbM4P6Rini6oxYM_AuurBCinXs8JU9jTmYVN6cxNsBVuENJ4KY1sFGyuXt4nOI9fwlxKZD1l_g8rM_sq7HbyBflz3J6WKRjRLBq109uYyu2fgZlZrczeP-zWvnhKXUqk7XAikYKzfD4vclonD5zv_cccn4Lb951cprGlr0qYcbWKTklxdTHzN5k7K7W2g_FPkCJYaWt0b553brAMVC4KmmlynBbG2tM_2VwDBnygYBlsZoCW7Je70_ygU9rgsg1D3QpI7qUBkUnSg_Zkxz5RqO71CGVWAFI-zBlysiniHETN4lqQswkF09bKprpEougJw02R0kaOb4WYqNTaELPIZu4zVADIyLVfFj8AS4tT8VZaK4n-QIYfFI-s0CVKCv38210WT-cbYftFbK6I7r7Izkh_9_j3fknsyjJxT-tGnbnV_MYh7aLQvJGm9JjWJ7TF2uVISkqHdmRgfpkmaEiUlRbOMw7XGmFH-ksvH8oiRuMXP8TOug7Chjyt4rwPjmUpJUKaP-L48dtXqJ4bxGNda57EHCHth-3V9YBxu9p5cbfXhR0=&xkcb=SoBd-_M3cdKnBqWxHB0LbzkdCdPP&p=0&fvj=0&vjs=3,"Ideally, you will be a hard working and academically talented Science",Science Graduate Teaching Assistant,London,Just posted,£75 - £100 a day
St George's School Windsor Castle,https://uk.indeed.com/pagead/clk?mo=r&ad=-6NYlbfkN0CBDrxKOG9XiswNw0Ynt2VBesxho0M9K3v9VDI17oHz6OE7T0QGfv2DrtsbrHGPD-1twJCxjSQPRaUpkDXE97mVFrffEVRClpUmc5XXIU83boY3Jdwv768zppluC5_QiJzbgR4TSCGS6HM-4nOHKJERn7qSYyWT-NtXFLR8TYb7JVe09-ESeJW8NVJUXvBrmQIzbQor7oKPlSYXUs4oZ1Gxho_hkjdioyaEQVDz0g-AILxE3LyGFtgAcg1_NnYJ1xLw8BeXtQndmKKD2MiWtfRoA88FsiOGNApBZuN0Ye9iY_ZaBFDCYv3656vhd3RpqKV9QGQj_hER9PE3Fok3NErXK8ddT12dffK2VkU7voeTHE6YlGTIDGYd9oTgrnEx0EnYRRFH0j_MQsMFILXyjzmXxLW4MRKMnWyazkOTD5-RVq72IFzo0GUD6o_bmFciw4tOcI7bCwygjVuBp9Hfhl-htUA8V8c_SjFvroQTz-74FSCcE76Zf7IrnXYttCGBstQrSVHdM7-94MkedYI6x9joWAcsM-yl8cg=&xkcb=SoDA-_M3cdKnKyxSSZ0LbzkdCdPP&p=0&fvj=0&vjs=3,The successful candidate will be an ambitious graduate/school leaver who can demonstrate a high degree of accuracy and attention to detail.,Sales Administrator,Hybrid remote in Woking,9 days ago,"£20,000 - £25,000 a year"
Metrica Recruitment,https://uk.indeed.com/pagead/clk?mo=r&ad=-6NYlbfkN0CLuAwPaoIt680o54g2Q5hMkb20N0jlhjz7VswgT-ZrXb61QmEUjByrjDlCO13fLNtEYQb7qOBeEE0M2SmNQ0VciNnlQgyd2Hd7TcAa6VnKhJVQHhMuCb9SwfLbdkW-ujI16JRdzgZDUoNzZNcsugIYBiSBgTs9RB6YOK4d_aEC5Vr6RmCexytq_tu-3_6MUyJlFk1zzg0M5FhiboKZWkUsaadcAftTOUUZ9S6woShifXUKMElTjlmJEaxJR6LEuj5NbdSz5qP_vlkSfx54mlHVGzSWOlp40TBBFt90P7m_mZ2NZcYkefWf1KCOz3heHPKGGAdm01UaJFW0YeibQMSmNkaX5EaD4n4bpj7C0QxxfmW1MFPNUWnwvlh6Yr0xAxHgUB9f2zIXr1r2TqZ5xIBEq01OQ86ZdXfM_rdLyAhK4SFuRzH_H-LuXqoiwiWVeYU=&xkcb=SoD9-_M3cdKmyO2xBp0KbzkdCdPP&p=0&fvj=0&vjs=3,"Using our Recruitment Management system and your skills in Excel, you will extract, manipulate and present the",Recruitment Data Analyst,Remote in Sheffield,15 days ago,£11.80 an hour
St George's School Windsor Castle,https://uk.indeed.com/pagead/clk?mo=r&ad=-6NYlbfkN0CBDrxKOG9XiswNw0Ynt2VBesxho0M9K3v9VDI17oHz6OE7T0QGfv2DrtsbrHGPD-1twJCxjSQPRaUpkDXE97mVFrffEVRClpUmc5XXIU83boY3Jdwv768zppluC5_QiJzbgR4TSCGS6HM-4nOHKJERn7qSYyWT-NtXFLR8TYb7JVe09-ESeJW8NVJUXvBrmQLSlxPJ84abfH4xaweN-jewuScJ1cX4x5zfw-BQgVqNNZ-Ud9wX164CtzMCXmBmuoJGa7_hnXMWNZlG3ia4I9L7INHaJgEG3Mcv4De_oYn7XoFVliZYV7K-_-1EP845utpcoK5gCmafpd2250CIfEIdg4CrOW6-eZg8kR9pc8HR4-D2Zj4XL-8mPLPYmojgRSmyl0QxIDGSzt8iXXbrEFFt6Q2mfs38Dl2UsMqhY7gcZa2q23lghKQqJ6k2aPAf-XmGiEzZn85sDh6okwXwaaT8lvcKe6OJlhGYl0gMtbHNCupX7Fqhv2TKXohhB4_ay6CcQmK31LUtF3tqo8EGbzYqQKNYrlDLbY8=&xkcb=SoAb-_M3cdKmw0RSUx0LbzkdCdPP&p=0&fvj=0&vjs=3,The successful candidate will be an ambitious graduate/school leaver who can demonstrate a high degree of accuracy and attention to detail.,Sales Administrator,Hybrid remote in Woking,9 days ago,"£20,000 - £25,000 a year"
Zhong Lun Law Firm,https://uk.indeed.com/pagead/clk?mo=r&ad=-6NYlbfkN0B_C5iCqUzwCkpk8dq5pGo9GtwsRMjEAl6Yx35SeBsKG646jV7-58poT_iEPO8RTkdYNhmwxWZr8RwC7EvCntkYrqxgiFk1X5T833TQxe5kv5lZoCIJHiMsRhb3xiGiO9ClkX9tJR1aNHk7jWWMOToZBMpOL7NL34E8LHZ1u-t-NOxazA8INIqIg-dafJy_M8UikBU7E3Ie8OI5GEf20l0ISJToO_eH7BBkRB2LV3ltknsoJzv5vwVsLUe3-0AY6QyQtUIF1mjRUHPZpH4kz9t4a2ZSIcLi2F49xMcDw0CU9hV5xS1iVJ7pcETRHsf-qqimQ66a3ISoDvFQaCV0-UAlmOA0ZJ39ion5tioovxR9g3qMjHOji7efEk5EiIT9_WAT82KXpU9DzlL_fQmHDh-4OF6z-DLSnbUhJhlra7y0aLP7yPB6IoppasnhqBs3V0VR_ApqOq1Dcp_3yOooU7T_Bd78FmT931_GaMCJI6SAujnwq_0vV0kN4b1uFcu8Vx5gmGehhAXmC5XcJK8Apu74&xkcb=SoD7-_M3cdKm8uW9cZ0LbzkdCdPP&p=0&fvj=1&vjs=3,"Pro rata term time only; 36 hours per week, 39 weeks per year.",Graduate Teaching & Learning Assistant,Greenwich,10 days ago,£85 - £100 a day
Sunspeed Transport Services Ltd,https://uk.indeed.com/pagead/clk?mo=r&ad=-6NYlbfkN0D25ABBFyqz8AHQ8em6f3Jp1c4k6dndRAgVOQvXCv7szg6tfZpApNXdydP5A2E-yy9JDut9Kp1c7NAwQlRhknY9doWo0XIc6z7sJX0xwx-uA5mi4c0oyTZv0Ebty2Bmr208-XB-2LUFULn3nUKUsf4C5DXZDQk8cujvUKd5590D-Ol7UQJSO397lWWPFlFzwymZB_zaiGe0dPWD9TsYLHeOmke95PIkRfTtloGwU7xTJPmLh3m7qFdxUBoF1mjm7td8dpn3eNDT_a9Y90Ms8xauRd775ZMUZ6rM2q9HJWPPd1CkCUfY1eDTa-nWRNhwIQ19wMCslmEDA5wVvNvNIIxICUrbsaPHRa76pgKpPsGI-nO9tyy9TlavPawaLrj-bog7wCpZtQJZAoVJepbhoqPpN2MUCxSczRVGdPnxr-opl-5Hw3yLtWIiMHpgWqTHpUfm_8AA5oi1QGzwBtp8EWH-FO9_TSyFC0-buaN79nC1-3ZvUOb12RzIGYuNrwM2i_k1hz33FOmPIA==&xkcb=SoDN-_M3cdKmke2eKh0JbzkdCdPP&p=0&fvj=1&vjs=3,Auditing hardware and cabling of existing,Data Centre Infrastructure Engineer (Cabling),Bracknell,Active 2 days ago,"£25,000 - £35,000 a year"
Zhong Lun Law Firm,https://uk.indeed.com/pagead/clk?mo=r&ad=-6NYlbfkN0B_C5iCqUzwCkpk8dq5pGo9GtwsRMjEAl6Yx35SeBsKG646jV7-58poT_iEPO8RTkdYNhmwxWZr8RwC7EvCntkYrqxgiFk1X5T833TQxe5kv5lZoCIJHiMsRhb3xiGiO9ClkX9tJR1aNHk7jWWMOToZBMpOL7NL34E8LHZ1u-t-NOxazA8INIqIOOIXJRq08DEeOiMNStjFj2QIUhRi0FH2DHdfCnsKu0IQn8J_V4v5MZkaAzb7Od019po5Q8deXTVXao2avhLXUrwvfYyeLB-YPypoNQZSZu3r3_FHDDLug_ZqRgW6KnkdA9MFuzsrVmGE31kcYl9xl2MdxX3FBV0sXC1QWZaiGr0w6tgoVGU1ZbyqjH7_vg8CbuifADZDdKE94Cp9E9j3bdYSwlYpeq4pLVCYMgiuNYatD3QfPiGRa44zffLWUkRB7E-QkhhFW0cJuirUS_n7PKXDayjM_1zXlCyDjge1bH99vRs1K3fS0T0vHCJvqyoPO6CwZ0dOOEeQsNw2NmCYQ7LWUknIt7rM&xkcb=SoBp-_M3cdKmiyWbSR0LbzkdCdPP&p=0&fvj=1&vjs=3,"Pro rata term time only; 36 hours per week, 39 weeks per year*.",Graduate Teaching & Learning Assistant,Greenwich,10 days ago,£85 - £100 a day
Checkout.com,https://uk.indeed.com/pagead/clk?mo=r&ad=-6NYlbfkN0Ao-n89LlrUr-4X1uvSDm9SNUnWSeNr71gA1KwoUdLg2Y3Zsrlbv5JcLTROKJRKCp99dSZfDtt1YcVje7hu6sQGYCc-JWfszBgdVHlfiBxa3-HmT4AHTT5jwite9ogkWMS880mgOZmmkn20KVY3pSWACXIN52osziuoLjI2gAGWpVGPzSGHfhmKd7vMDhjSW-KvE4MAiSSggbU6LIrPJkokuQ1rTnzjn54YnMZr8JSznPfLg0hEZLfz0ZCPt2_JI4priQF-CYmRK3coW5Tj0hLWh1pVGMoPkPQN5gOJCoLjbwB4BPuCZwIyXrgQYAkXBFZuMhtuSlKkJgjqyYW14tYjr9D7mKE80OHnruYjlN_iu7OC_3JdNrjPS4YnqmnopkzJqLnc7mas3N-HGfgXuY6HUYfyNXTs2xVfQNfZEUMcP0zKeNcBVqbRUCO9pEYFCojsqQlMhyoJ-woPKzWwC4P5VDT-UauUOtBosRSyNsKGvw==&xkcb=SoBt-_M3cdKmUxWxBR0LbzkdCdPP&p=0&fvj=1&vjs=3,Ability to analyse,Data Engineering Manager,Hybrid remote in Yeovil,Active 11 days ago,"£30,000 - £40,000 a year"
DirectID,https://uk.indeed.com/pagead/clk?mo=r&ad=-6NYlbfkN0DG4ntHtB_rMsnfhgmnSvK2brktLme1L4SiDeJjQ-izrVOLqRJ5-yjEjDkpeVLIPLKpgzp4SopxgYHqqlSUMcCciYAmHokT9XJ5AHPheQxDEtfpJKftDT2nKyjA9Fx-J8DDA709Ypo3nF9kax3ctaKaW0BhLVsLwGjIBB8FaBPAmmVLLcfALblYv3S4GkVuuRpAV2nw44qxskZRblF9ymX1EffFpiemo8A81oQpktqYqhLTMcBR8Jl7Ojl060SANBJQ-W2Wc8Dcmnd9ZzeXKp4hbJZb8SUxCKzPqrs471ZX1VHB-O7qVkvuSu-lKLUFcccpOIdGrQA0f9a7HgRnXv6lxBB9dZDhNUgZppiIUK9wW70-XEBiyD7U5tloUq4IOqTwEt16hRemAFNUnsbxwVtROy42TmjEgDm_cbipUijrcEtGRGeGMpjTCYpS6Ws1J9iMrUKQP2NmNjP3PkApeygfoh-QcBfpfDdcIbC7u-SpYp5_mUzKNoISYBpR2OLciA18F3uybki47hr43C8j5FLUexDr6MoxaIUF-rlx9iUHa0Yne08DjuOJpslXJmzfD2lVI1E7v8tHfWBDphqJGytWGqduJM2he4FTSU2a9T9cP7BNuLxd7azkTHT8xeTViQRpwO4hfy_4432fKUvI_-tNn3p0Zp2jzKFCkroqpfMZzdL7OWjLt-W6rI3K7bYdWgtukEgJRZM6BmDX6cQFQeEJ_WgcimahnWhdyTXhcrPV01vES-mtxH9WFCYTsuj1FXOlbzaqr9Sm5C6VP_svtDaELzaWczwvwCXtoPR3CNsz0SEqfXXaVrUTt06K_MIpRSwRfdp6I-RyuAxY9GzLGqu-NIKXFLWCbGMXz-kvvBUqWvQ7cJ6zEKPzmWe7QkNORxmnwIBMl2dRBh5WLxMlj44fqHBjwqg4A-NYH0-UEXEE3TchTUMiAW8BdZRe_Gw-iG3oDHteifwLqLRlrgA8wFAn-j0AUG0RahmQcgAsLQCJ8Q==&xkcb=SoDA-_M3cdKmAF2xEx0LbzkdCdPP&p=0&fvj=0&vjs=3,Build,Senior Data Scientist/Engineer,Remote in Hythe,30+ days ago,"£45,000 - £75,000 a year"
Investec,https://uk.indeed.com/pagead/clk?mo=r&ad=-6NYlbfkN0CR-XPpimp6stGAKAeJa_CF9XGbUceNGaz0snuWx78fv1H6SMVovZ75d-jOHs0G4gfouzrkL1i-MKCg9j24YzknRnmmsKjCbzvZ4ix62XHn4J4SfQsj71xz7_AGPDXSd7XuKPjSr8T6qOHou4ixeDdHDs7XMbuAvCBKwuhsEO5Z0hvb6dVwbpu16EVecJ_t3WScVx32l54Llf4KPLYp4kKlyg2CUTab6Pnc6sQSoxt2ZHsCRriOWV5A_OEsTbTdD7UU0oLD18-nGlZSV2a5mpsHfqRG0z2LoweS5N3T5LTJOkUNs8kaMvC16wBQacfKrZUuQ0D1rAuDC36g85Y3l9Ol-dnCx_ygJqfePJp-r1QtUE88TJgYBqo11RlwpxaYwt1yeVTYKNwPcbzQx5tYzSjWB6RIKnaAgqSzecaKfHa6lN22RCoM3ipRTbVSMAD134TG-GoifQukAN5kYn-zSoNa&xkcb=SoBy-_M3cdKl8JRSQp0LbzkdCdPP&p=0&fvj=1&vjs=3,Administrators devise and implement organisational systems to ensure that all,Administrator,Coventry,Active 2 days ago,"£15,753 - £21,500 a year"
GRS Group (UK),https://uk.indeed.com/pagead/clk?mo=r&ad=-6NYlbfkN0B4QbDCQqEXsOQhGjhED7FbL6jZe74xIX2jfYc7hwGtEVL7xs88-GTb8mOLlzCP_MIF644IAwowt8XkmfCqPGaqhKC71caUOU3BKDTvZZgyCnYUPkBnXT08dyYP5QzhMWi8QTcbwnq5Jd6P4hF8YhTLJrE_eaEed9vKpSt768dnXoT30hb3Y6sQsWae2def2gnSUkf8vc8giyEw0I6Y_XW8ybKdLjZE5nxgzKOXs-4TH4JFf3wiPqsKJ0V3vejz_RXnfVihMPJ0GcseVCkk2Knxc6XerQh_CJ21nUFND-gt57sj8VDU4pGzr4VdxSU_ey2KCGrlee9lwfGRL4H9WGzOSUBQdivvf2dUTlTfK6ucZkMKY2qJ_g-tbHPj-OOKUmxwnKfdlvoxBameqJX8752WA-CEIAZ2yLJfb86hNNotZzXpY6G0QwQ945SKrIO7sf-nfKjhITxcYvc1J5Xk9XeyA0blVsCYtdPzrLDwXwPIig==&xkcb=SoBH-_M3cdKlpUwiDB0LbzkdCdPP&p=0&fvj=1&vjs=3,"We are currently looking for an enthusiastic, driven, and adaptable individual to work alongside our Administration team in Tilbury.",Commercial Administrator,Tilbury RM18,Active 4 days ago,£10.50 an hour
Prosperity financial services,https://uk.indeed.com/pagead/clk?mo=r&ad=-6NYlbfkN0CXy9_N1TLC2ejqyTX_V4eQ4PmQ2039NyFlBjhJ2joCdiLJ2guK6p6gDxKa49r6zxhUpFPX5KLr-_ulEgbF0calOu-IoDg7IKRhBIqRcPpafUjqCe3RkG-8TxxRibVuQctAKkXgum1Rq-Ih2As-GYEjE_2PdKPZ5OaRQ-vaHuP0CxCW4DW6Rs0oaUE37ovR-QMVWN9WIXU332-AqF4C4Q7ZLAEKNuSi3mVe6pk--OPSdgxeRjxBwvKAGTgdUd4EA_b4IPqUDxFso-2s2YfbVfqsfzHshD7iLhwTzrshQujC6_lS8bDXPVIjyDrH0jq2Na120s99pEz1Lujzeh92Qhb4-GUcslsrwutNxKEt4Ro6_gLedok5JZVCIJ-9SjsOk38T65Nc4J0T6ltMNuNmcJvKjtd5SCpqHypMZ7OMTgkBYPuFb_iZeKHL0r4HYuJp7rEEWThgEquiL7_A0FOaxP6251JijBL7DCe5E2MWSBLHaGMgRYKKE2fjmjvuq630aIsPPg0c7CweKaV0u-munJXM0fs3TbKPjOw=&xkcb=SoDJ-_M3cdKlGKgwoL0LbzkdCdPP&p=0&fvj=0&vjs=3,"EP collaborates with its clients to help them produce the most cost-effective and efficient film, television, digital, and commercial projects.",Data / Admin Apprentice Level 3,London E2,14 days ago,"£11,500 a year"
TurnerFox Recruitment Limited,https://uk.indeed.com/pagead/clk?mo=r&ad=-6NYlbfkN0CXy9_N1TLC2ejqyTX_V4eQ4PmQ2039NyFlBjhJ2joCdiLJ2guK6p6gDxKa49r6zxhIdGN6_ElnmKnA3HzmOgGrZPCCgctBuj-uZWdRemhRZxIsLmB_779aSB_XlxIDYrNcIy5xZWfwAHb7oB7gblG55zFEarRO9UtMNnAxS6Vz_j6Yw6sDwXYH5-HBRdYI-8GXG0ZqF6kctTj3L2oWy5bTodpP78n2c5sD7h2rqD59kPiqnRcgV8TZlO-qgX8xqXF63EnRSUF2IvAvH5iT4KVyC-oim5nsPhWcoh2gUvBxjcO41lkXeL7Bd0v4noiM_hRVs0xMSP2T7ojGAVdThJF4vVPvzXZZ-Y5sJQIdnXltm6rc7JXg6VVd3gajNzTbwCMI8KpECHqdjtq2Y_aJufLpM4ezo6fsdhrYpGxD__Bh6MNLV8GFSsDABu2bvhzsIVwNhD-8uIl6Ij667VXVogVxcSubfymU_v_i9V92pftLB9j7V59kCeEtWOhAEE8iUHXx7Lb4sZsDqrLb90kZXA_5aoCynd0iuXY=&xkcb=SoBf-_M3cdKkyPRSZZ0LbzkdCdPP&p=0&fvj=0&vjs=3,Segmenting,Data and Insights Apprentice,Stoke-on-Trent ST1,30+ days ago,"£13,500 a year"
Metrica Recruitment,https://uk.indeed.com/pagead/clk?mo=r&ad=-6NYlbfkN0B4I0z8Vg4C22bXJk453pUE2nnLCUOyY_R-ihB16RDW65dAXO9w17QY8SOm2HP94HrD45QNpTDgEhYZ3CEZHG2Wf6jJJHZ4ln9aVbxM-O9hGzeAIsZmBh0nvbgAlHAra4dJ_tg5_SHRynyC1EvbIRHuyJiMEhxZnmwrytSBaXpvmB7a_cQD4fynSWjSeFWPVsFy3vVNv4pMuISq6qoAWstNV6_cvRcnlvpAFc4gOygWDSnXDZ60dMCKnMY2g6hpAyW_Ox9C4FyVWHiZ8tET8do0yg2nq7G4dBPAhyaK6w_B8Q7So6FpQ7tfOezNczkZlu2r7OKJVDwV7TbqHt2rXpjqIwzkVesvkiQjvh0_ERWD5Lzl7JAkmdT94bh_8iTqYT60azEEooOq8RJ3NJ1fzBP4RORDnfB8HE_RLuC6cFXAvPcM_VGem9u4OxRK-chOt7rK7ouLPgx7T2Oq6KklJlrid7DQ-lJH8liDYyLi1o4DIP9ZjDQkN7Fv8ZtzTO7MMu-M18DQByUpuDeZNJBVciYGEN21XKCI10YWY8UQFXzM2-_7_QtQy_eeh61DN5ykV8o4gbjHtYqMPY2-A0end2UnE8vEpHuJ1zqv7mKoBTYaFWraV6NPC8NvmSy1qE8FFtf7lP8C-AEKAgceXlv8v-nX9EoldhQHWmqhTbwKFktH0A==&xkcb=SoAT-_M3cdKku-WxAB0LbzkdCdPP&p=0&fvj=0&vjs=3,"A leading UK marketing agency, specialising in working with clients in the retail sector delivering tailored data-driven solutions.",Marketing Analyst - SQL,London,30+ days ago,"£30,000 - £36,000 a year"
Metrica Recruitment,https://uk.indeed.com/pagead/clk?mo=r&ad=-6NYlbfkN0B4I0z8Vg4C22bXJk453pUE2nnLCUOyY_R-ihB16RDW65dAXO9w17QY8SOm2HP94HpJOm-PvY9LRKJbYJ0--7AHE_xOCa8OP6Nz78H32Bjk4jB6_jD3UzIDO47g9JknpDFL0T8dv92shJIFPDw-xmhsmPizUMj8F7sAbxXCjm0U0UKyPMKkX5DM5QV_o4vv2ZbSgoirq0-qFpUxfafbvPL_RopDtTghbha0KxOwhpQyW49osUK5PWELtkri6MnO6kzjcR78XjJjBiXqgM5Kfxcf50kkHMhsiw8SbcoApSDw4crr8v6pTMhpG-ZeG3B7ukWVuN0JhSuD2uXDxi2CmaBMX8XTJFlkL3fUh--JWFK8sAfYJzbIXUfUKLqhIyszhOMH4sCRxQwkiIZNuomwEFJvUuJljclk8rvppo5BpYxymK4-nE8eGZSSaTieC7D6G32sRPeYl3sNdjXiCuSsRB2IFtH9uWiWwFf-FU8QG4k6ClTKkqGQOss7xobjtBHI9qdH64GvMOxjcdeXokGHIeW5ElYTDO3krGehCAdQoIEeNGXj3mUCiUzeKdZO3HdwSqHu8_ogAU5bp_JpWdkz_wH2bFRZCTLbYTkHG7elLni5q5kDGOxlpKfPN-SOKz5_5x8FdXz7zlhWOG29WPnW1Ox1rGlEV9lDnhAdPKzlX1QX9g==&xkcb=SoCt-_M3cdKkY-xSQp0LbzkdCdPP&p=0&fvj=0&vjs=3,Strong knowledge of querying and manipulating,Visual Analytics Consultant,London,30+ days ago,"£40,000 - £60,000 a year"
